,Tipo,Titulo,Año,Mes,Id,generos
0,Movie,Las Travesuras de Super Chido,1990.0,10,tt0320656,Action
1,Movie,Velai Kidaichiruchu,1990.0,8,tt0318803,Action
2,Movie,Sor Batalla,1990.0,8,tt0320503,Action
3,Movie,Azaad Desh Ke Gulam,1990.0,4,tt0330019,Action
4,Movie,Suo ming fei dao,1991.0,11,tt0348147,Action
5,Movie,Contreras Gang,1991.0,12,tt0349237,Action
6,Movie,Pitong Gamol,1991.0,,tt0349971,Action
7,Movie,Jiang hu ba mian feng,1991.0,,tt0351141,Action
8,Movie,Sarphira,1992.0,4,tt0344301,Action
9,Movie,Alyas Lakay,1992.0,11,tt0344816,Action
10,Movie,Santo: la leyenda del enmascarado de plata,1993.0,11,tt0330855,Action
11,Movie,La sangre de un valiente,1993.0,5,tt0334294,Action
12,Movie,Young-guwa gongryong Zzu-Zzu,1993.0,7,tt0334765,Action
13,Movie,Que me entierren con la banda,1994.0,3,tt0285962,Action
14,Movie,Elaan,1994.0,1,tt0290183,Action
15,Movie,Hum Hain Bemisaal,1994.0,12,tt0290213,Action
16,Movie,Cesta peklem,1995.0,5,tt0277621,Action
17,Movie,Maanthrikam,1995.0,1,tt0280889,Action
18,Short,End of the Line,1996.0,8,tt0285543,Action
19,Movie,Lone Tiger,1996.0,7,tt0285680,Action
20,Movie,Diljale,1996.0,9,tt0286593,Action
21,Movie,Kôshoku kunoichi ninpô-chô: Vâjin sunaipâ - bishôjo yôma-den,1997.0,10,tt0288305,Action
22,TV Movie,Terrain,1997.0,12,tt0288841,Action
23,Movie,Daava,1997.0,7,tt0289685,Action
24,Movie,Varnapakittu,1997.0,4,tt0290098,Action
25,Movie,Kudrat,1998.0,12,tt0286772,Action
26,Movie,Achanak,1998.0,6,tt0286421,Action
27,Movie,Salaakhen,1998.0,4,tt0286936,Action
28,Movie,Angaaray,1998.0,7,tt0288427,Action
29,Short,A Waiter Tomorrow,1998.0,3,tt0289611,Action
30,Movie,Ispanska muha,1998.0,1,tt0290674,Action
31,TV Movie,NASCAR Racers: The Movie,1999.0,11,tt0278580,Action
32,Movie,Ostatnia misja,2000.0,3,tt0281019,Action
33,Movie,Anakiseuteu Anarchists,2000.0,4,tt0280427,Action
34,Movie,High Adventure,2001.0,8,tt0295989,Action
35,Movie,"Death, Deceit & Destiny Aboard the Orient Express",2001.0,9,tt0295925,Action
36,Movie,Kyo Kii... Main Jhuth Nahin Bolta,2001.0,9,tt0297241,Action
37,Movie,Virtualna stvarnost,2001.0,10,tt0296919,Action
38,Movie,Ravanaprabhu,2001.0,8,tt0298514,Action
39,TV Movie,ReBoot: My Two Bobs,2001.0,11,tt0298515,Action
40,Movie,Waah! Tera Kya Kehna,2002.0,11,tt0339878,Action
41,Movie,Wolves of Wall Street,2002.0,12,tt0339918,Action
42,Movie,Masuuruhiito,2002.0,10,tt0340227,Action
43,Movie,Khadgam,2002.0,11,tt0339252,Action
44,TV Movie,Epoch: Evolution,2003.0,11,tt0374286,Action
45,Movie,De zaak Alzheimer,2004.0,4,tt0374345,Action
46,Short,Batman: Dead End,2003.0,7,tt0374526,Action
47,TV Short,Den sorte celle,2003.0,7,tt0374228,Action
48,Movie,Dai zek lo,2003.0,9,tt0374184,Action
49,Movie,Tere Naam,2003.0,8,tt0374271,Action
50,Movie,Shikaar,2004.0,7,tt0420175,Action
51,Short,World's Finest,2004.0,7,tt0420324,Action
52,Movie,Camp X-Ray: Ghosts of Guantánamo Bay,2004.0,9,tt0418587,Action
53,Movie,"Chot [Aaj Isko, Kal Tereko]",2004.0,6,tt0418598,Action
54,Short,Even If It's Wrong,2004.0,4,tt0419736,Action
55,Movie,Tiempo de valientes,2005.0,9,tt0462570,Action
56,Movie,Seung ji san tau,2007.0,2,tt0934949,Action
57,TV Movie,The Cutting Edge 3: Chasing the Dream,2008.0,3,tt1110626,Action
58,Movie,Heroes,2008.0,10,tt1114725,Action
59,TV Movie,Phoo Action,2008.0,2,tt1116185,Action
60,Movie,Bonnie & Clyde vs. Dracula,2011.0,3,tt1117379,Action
61,Movie,La hora cero,2010.0,10,tt1322302,Action
62,Movie,Ascension 2,2012.0,4,tt12731590,Action
63,Short,Revirements Fatals (V.F. de Deadly Twists),2012.0,8,tt12737858,Action
64,Movie,USS Seaviper,2020.0,11,tt1274596,Action
65,Movie,The Life Kung-Fu,2012.0,2,tt12747740,Action
66,Movie,Looper,2012.0,11,tt1276104,Action
67,Movie,Supernatural Swamp Slaughter,2012.0,5,tt1277403,Action
68,TV Movie,Los 3 gallos Michoacanos,2013.0,10,tt11294796,Action
69,Movie,Fuck Duissan,2013.0,9,tt11372090,Action
70,Short,Wrony,2013.0,7,tt11423922,Action
71,Short,Under the cage,2013.0,6,tt11428282,Action
72,Short,Ode to the Warriors,2013.0,11,tt11447774,Action
73,Movie,"Boonie Bears, to the Rescue!",2014.0,1,tt3564806,Action
74,Short,The Floor Whisper,2017.0,3,tt10307720,Action
75,Short,Metal Gear Solid: A New Divide,2017.0,8,tt10305124,Action
76,Short,Deprivation,2019.0,5,tt10080934,Action
77,Short,Small Gains,2020.0,,tt10955374,Action
78,Short,Liam: The New Manager,2020.0,5,tt10968850,Action
79,Movie,Taanashah,2020.0,2,tt10968008,Action
80,Movie,Dagaalty,2020.0,1,tt10966832,Action
81,Short,Tiger Man,2020.0,2,tt10972026,Action
82,Movie,Brew,2020.0,,tt10978650,Action
83,Short,An Awkward Encounter,2021.0,,tt11914358,Action
84,Movie,"Push Comes to Shovel, TX",2021.0,7,tt11921924,Action
85,Movie,Ladki: Enter the Girl Dragon,2021.0,12,tt11924110,Action
86,Movie,Rewind,2021.0,4,tt11924002,Action
87,Movie,Tokyo Revengers,2021.0,7,tt11923304,Action
88,Short,Mashin Sentai Kirameijâ Za Mûbî: Bî-Bappu Dorîmu,2021.0,2,tt11928952,Action
89,Movie,The Lost and the Brave,2022.0,,tt14134448,Action
90,Movie,Gaspard et Robinson,1990.0,12,tt0099635,Drama
91,Movie,Night of the Cyclone,1990.0,5,tt0100256,Drama
92,Movie,Pokhorony Stalina,1990.0,,tt0100383,Drama
93,Movie,Street Hunter,1990.0,11,tt0100706,Drama
94,Movie,Goodfellas,1990.0,11,tt0099685,Drama
95,TV Movie,Murder in Black and White,1990.0,1,tt0100207,Drama
96,Movie,Le party,1990.0,2,tt0100334,Drama
97,Movie,18 anni tra una settimana,1992.0,2,tt0101250,Drama
98,TV Movie,Aftermath: A Test of Love,1991.0,3,tt0101277,Drama
99,TV Movie,Christmas on Division Street,1991.0,12,tt0101580,Drama
100,Movie,Dead Again,1992.0,2,tt0101669,Drama
101,TV Movie,Eyes of a Witness,1991.0,3,tt0101843,Drama
102,Movie,Gigolo,1991.0,11,tt0101952,Drama
103,Movie,Krhotine,2004.0,1,tt0102236,Drama
104,TV Movie,Lightning Field,1991.0,9,tt0102309,Drama
105,Movie,Cerro Torre: Schrei aus Stein,1991.0,10,tt0102855,Drama
106,Movie,Modern Crimes,1992.0,1,tt0104900,Drama
107,TV Movie,Final Shot: The Hank Gathers Story,1992.0,3,tt0104270,Drama
108,TV Movie,Hamburger Gift,1992.0,12,tt0104386,Drama
109,Movie,Hoffa,1992.0,12,tt0104427,Drama
110,TV Movie,Miss America: Behind the Crown,1992.0,9,tt0104883,Drama
111,Movie,Modelo antiguo,1992.0,9,tt0104899,Drama
112,Movie,No Dia dos Meus Anos,1994.0,2,tt0105008,Drama
113,Movie,Bob Roberts,1992.0,10,tt0103850,Drama
114,Movie,Il giardino dei ciliegi,1992.0,9,tt0104337,Drama
115,Movie,La vida conyugal,1993.0,6,tt0108487,Drama
116,Movie,Fatalna nezhnost,1993.0,9,tt0106875,Drama
117,Movie,Glädjekällan,1993.0,11,tt0107019,Drama
118,Movie,The Hour of the Pig,1994.0,1,tt0107146,Drama
119,Movie,Extreme Justice,1994.0,2,tt0106850,Drama
120,Movie,Killing Car,2012.0,9,tt0106894,Drama
121,Movie,Duo ming jie chu,1994.0,4,tt0109690,Drama
122,Movie,L'enfer,1994.0,2,tt0109731,Drama
123,Movie,"English, August",1994.0,9,tt0109732,Drama
124,Movie,The Fence,1994.0,4,tt0109795,Drama
125,Movie,Le fils préféré,1994.0,12,tt0109800,Drama
126,Movie,Le fusil de bois,1995.0,7,tt0109859,Drama
127,Movie,Foreign Student,1994.0,4,tt0109828,Drama
128,Movie,Frihetsligan,1994.0,2,tt0109848,Drama
129,TV Movie,Greyhounds,1994.0,6,tt0109941,Drama
130,Movie,The Glass Shield,1995.0,6,tt0109906,Drama
131,Movie,Liu mang yi sheng,1995.0,1,tt0113672,Drama
132,Movie,Kong zhong xiao jie,1995.0,6,tt0113569,Drama
133,Movie,Lao ni mei,1995.0,3,tt0113600,Drama
134,Movie,Let It Be Me,1995.0,11,tt0113638,Drama
135,Movie,The Babysitter,1995.0,10,tt0112438,Drama
136,Movie,Habit,1997.0,11,tt0113241,Drama
137,Movie,First Knight,1995.0,7,tt0113071,Drama
138,TV Movie,Kingfish: A Story of Huey P. Long,1995.0,3,tt0113550,Drama
139,Movie,Intimate Relations,1997.0,6,tt0116643,Drama
140,Movie,El domini del sentits,1996.0,11,tt0116124,Drama
141,Movie,Eskiya,1996.0,11,tt0116231,Drama
142,Movie,The Funeral,1997.0,7,tt0116378,Drama
143,TV Movie,Captive Heart: The James Mink Story,1996.0,4,tt0115826,Drama
144,Movie,Como Nascem os Anjos,1997.0,,tt0115929,Drama
145,TV Movie,The Assassination File,1996.0,6,tt0115578,Drama
146,Movie,Bolse vita,1996.0,10,tt0115726,Drama
147,Movie,In the Company of Men,1999.0,1,tt0119361,Drama
148,TV Movie,Moment of Truth: Into the Arms of Danger,1997.0,2,tt0119379,Drama
149,Movie,The Life of Stuff,1998.0,8,tt0119536,Drama
150,Movie,Loved,1997.0,10,tt0119581,Drama
151,Movie,Le mani forti,1997.0,3,tt0119610,Drama
152,Movie,Nettoyage à sec,1999.0,7,tt0119773,Drama
153,Movie,Paradise Road,1997.0,9,tt0119859,Drama
154,Movie,The Man with Rain in His Shoes,1998.0,11,tt0138590,Drama
155,Movie,Johnny B Good,1998.0,10,tt0138535,Drama
156,TV Movie,Never Tell Me Never,1998.0,4,tt0138652,Drama
157,Movie,Pi,2000.0,6,tt0138704,Drama
158,Movie,Fica Comigo,1998.0,2,tt0137520,Drama
159,Movie,Dante's View,1998.0,12,tt0138389,Drama
160,Movie,Free Fall,1999.0,1,tt0172469,Drama
161,TV Movie,Introducing Dorothy Dandridge,1999.0,8,tt0172348,Drama
162,TV Movie,Invisible Child,1999.0,3,tt0172606,Drama
163,Movie,Superlove,1999.0,6,tt0173275,Drama
164,Movie,Lal Baadshah,1999.0,3,tt0172704,Drama
165,Movie,"Südsee, eigene Insel",1999.0,7,tt0173298,Drama
166,Movie,Ungfrúin góða og húsið,1999.0,10,tt0173387,Drama
167,Movie,Mohabbatein,2000.0,10,tt0213890,Drama
168,Movie,Jadviga párnája,2000.0,3,tt0213733,Drama
169,Movie,Her i nærheden,2000.0,1,tt0212215,Drama
170,TV Movie,Madame Bovary,2000.0,2,tt0212318,Drama
171,TV Movie,Hidden Blessings,2000.0,4,tt0212218,Drama
172,Movie,The Luzhin Defence,2000.0,12,tt0211492,Drama
173,TV Movie,Il ritorno del piccolo Lord,2000.0,12,tt0211598,Drama
174,Movie,Beat,2004.0,5,tt0211941,Drama
175,Movie,The Clean and Narrow,2000.0,1,tt0212059,Drama
176,Movie,Last Orders,2002.0,1,tt0253200,Drama
177,TV Movie,Gli amici di Gesù - Giuda,2001.0,4,tt0253101,Drama
178,TV Movie,The Life and Adventures of Nicholas Nickleby,2002.0,1,tt0253312,Drama
179,Movie,Nynke,2001.0,9,tt0254610,Drama
180,Movie,Le stade de Wimbledon,2002.0,2,tt0254791,Drama
181,TV Movie,Un homme à défendre,2001.0,3,tt0253862,Drama
182,TV Movie,The Last Brickmaker in America,2001.0,9,tt0255313,Drama
183,Movie,The Fourth Angel,2002.0,1,tt0254334,Drama
184,Movie,The Point Men,2003.0,6,tt0254703,Drama
185,Movie,No Good Deed,2014.0,11,tt0292610,Drama
186,Movie,Lola vende cá,2002.0,4,tt0290729,Drama
187,Movie,L'idole,2003.0,1,tt0291259,Drama
188,Movie,Fixing Frank,2002.0,8,tt0292513,Drama
189,Short,On Common Ground,2002.0,3,tt0293888,Drama
190,Movie,El sueño de Ibiza,2002.0,4,tt0292259,Drama
191,Movie,Novo,2002.0,12,tt0291392,Drama
192,Movie,Local Boys,2002.0,2,tt0293357,Drama
193,Movie,Figure in the Forest,2002.0,10,tt0293154,Drama
194,Movie,Tre punto sei,2003.0,6,tt0331360,Drama
195,Movie,Mister V.,2003.0,11,tt0329525,Drama
196,Movie,Devil's Pond,2005.0,3,tt0329162,Drama
197,Movie,Les sentiments,2003.0,11,tt0329584,Drama
198,Movie,Any Way the Wind Blows,2003.0,10,tt0331175,Drama
199,TV Movie,Tauerngold,2003.0,4,tt0330970,Drama
200,Movie,Firefight,2003.0,5,tt0328868,Drama
201,Movie,Devot,2003.0,2,tt0331231,Drama
202,TV Movie,An Unexpected Love,2010.0,10,tt0329679,Drama
203,Short,American Short,2004.0,11,tt0370365,Drama
204,Movie,Mysterious Skin,2005.0,8,tt0370986,Drama
205,Movie,Promised Land,2004.0,8,tt0371101,Drama
206,Movie,Secuestro express,2004.0,3,tt0371939,Drama
207,Movie,Company K,2004.0,4,tt0372828,Drama
208,TV Movie,Die andere Frau,2004.0,1,tt0372167,Drama
209,Movie,Forkerte navne,2004.0,6,tt0371677,Drama
210,Movie,Kono yo no sotoe - Club Shinchugun,2004.0,2,tt0371050,Drama
211,Movie,Eating Out,2012.0,2,tt0372884,Drama
212,Movie,Shabd,2005.0,2,tt0409527,Drama
213,Movie,La noche del hermano,2005.0,8,tt0410381,Drama
214,Movie,Marilyn Hotchkiss' Ballroom Dancing & Charm School,2006.0,1,tt0409034,Drama
215,Movie,Resurrection: The J.R. Richard Story,2005.0,4,tt0410516,Drama
216,Movie,Lying in Bed,2005.0,12,tt0410275,Drama
217,TV Movie,Kein Himmel über Afrika,2005.0,2,tt0410156,Drama
218,Movie,La petite Chartreuse,2005.0,2,tt0410445,Drama
219,Movie,On a Clear Day,2006.0,8,tt0410400,Drama
220,Movie,Oublier Cheyenne,2006.0,3,tt0410410,Drama
221,Movie,Un mundo maravilloso,2006.0,3,tt0456467,Drama
222,Movie,Aryan: Unbreakable,2006.0,12,tt0454396,Drama
223,Movie,Fair Play,2006.0,9,tt0454602,Drama
224,Movie,The Elder Son,2009.0,3,tt0455988,Drama
225,Movie,Jaan-E-Mann: Let's Fall in Love... Again,2006.0,10,tt0456481,Drama
226,Movie,Chingaari,2006.0,2,tt0454429,Drama
227,Movie,Inside Man,2006.0,3,tt0454848,Drama
228,Movie,The Pursuit of Happyness,2007.0,2,tt0454921,Drama
229,Movie,Lost and Found,2006.0,,tt0455149,Drama
230,Movie,Irina Palm,2007.0,6,tt0762110,Drama
231,Movie,He Was a Quiet Man,2020.0,5,tt0760311,Drama
232,Movie,Relative Obscurity,2007.0,,tt0760182,Drama
233,Movie,Lovely by Surprise,2007.0,6,tt0760173,Drama
234,Movie,Afghan Knights,2007.0,7,tt0760157,Drama
235,TV Movie,Der Zauber des Regenbogens,2007.0,11,tt0759757,Drama
236,Movie,El corazón de la tierra,2007.0,4,tt0763839,Drama
237,Movie,X's & O's,2009.0,,tt0763847,Drama
238,Movie,"Meine Mutter, mein Bruder und ich!",2008.0,5,tt0935101,Drama
239,Movie,Older Than America,2012.0,2,tt0932669,Drama
240,Movie,Float,2008.0,10,tt0934840,Drama
241,Movie,No Exit,2008.0,,tt0937233,Drama
242,Movie,Varg,2008.0,4,tt0937378,Drama
243,Movie,Sappho,2008.0,3,tt0937373,Drama
244,Short,Death Point,2011.0,9,tt10050610,Drama
245,Movie,Ila Ayithe Ela,2017.0,,tt10017546,Drama
246,Short,Gusti,2017.0,6,tt10018590,Drama
247,Short,Young Grandpa,2018.0,5,tt10026668,Drama
248,Short,100 Inscritos,2018.0,7,tt10022852,Drama
249,Short,Eddy,2018.0,11,tt10026970,Drama
250,Movie,Saboa,2018.0,10,tt10027174,Drama
251,Short,Like Crazy,2019.0,3,tt10021724,Drama
252,Short,What Momma Wants,2019.0,3,tt10021708,Drama
253,Short,Coffee with a Madman,2019.0,2,tt10021158,Drama
254,Short,Resistant,2019.0,3,tt10021750,Drama
255,Short,Fleeting,2020.0,11,tt10203432,Drama
256,Movie,Chaco,2020.0,11,tt10201328,Drama
257,Movie,Petya na moyata Petya,2021.0,3,tt10682414,Drama
258,Short,1969,2021.0,2,tt10685024,Drama
259,Movie,Mandela,2021.0,4,tt10687070,Drama
260,Movie,Asbury Park,2021.0,11,tt10687016,Drama
261,Movie,Too Unexpected,2021.0,4,tt10686506,Drama
262,Movie,The Electrical Life of Louis Wain,2021.0,12,tt10687506,Drama
263,Movie,Because We Are,2021.0,8,tt10692368,Drama
264,Movie,Watcher,2022.0,9,tt12004038,Drama
265,Movie,Vikrant Rona,2022.0,7,tt12015102,Drama
266,Movie,Vuelta al perro,2022.0,4,tt12015752,Drama
267,Movie,Men Don't Leave,1990.0,6,tt0100134,Comedy
268,Movie,Meng gui ba wang hua,1990.0,3,tt0100137,Comedy
269,TV Movie,Thanksgiving Day,1990.0,11,tt0100767,Comedy
270,Movie,Thieves of Fortune,1990.0,10,tt0100771,Comedy
271,Movie,A Matter of Degrees,1991.0,9,tt0100122,Comedy
272,Movie,Teenage Mutant Ninja Turtles,1991.0,2,tt0100758,Comedy
273,Movie,Where the Heart Is,1990.0,2,tt0100924,Comedy
274,Movie,Terminal City Ricochet,1991.0,2,tt0100763,Comedy
275,Movie,Pure Luck,1991.0,8,tt0102729,Comedy
276,Short,The Wizard of Oz,1991.0,10,tt0103276,Comedy
277,Movie,Zhi zai chu wei,1991.0,11,tt0103329,Comedy
278,Movie,San taam Ma Yue Lung,1991.0,11,tt0102903,Comedy
279,Movie,To hok wai lung,1991.0,7,tt0103045,Comedy
280,Movie,Un paradiso senza biliardo,1991.0,1,tt0102630,Comedy
281,Movie,Lunatics: A Love Story,1991.0,2,tt0102357,Comedy
282,Movie,Qiu yue,1993.0,10,tt0105198,Comedy
283,Movie,La reina anónima,1992.0,10,tt0105231,Comedy
284,Movie,Riens du tout,1992.0,11,tt0105260,Comedy
285,Movie,Shiko funjatta.,1992.0,1,tt0105388,Comedy
286,Movie,Sister Act,1992.0,12,tt0105417,Comedy
287,TV Movie,T Bone N Weasel,1992.0,11,tt0105512,Comedy
288,Movie,There Goes the Neighborhood,1992.0,10,tt0105573,Comedy
289,Short,Terror in the Hot Tubs,1992.0,5,tt0105567,Comedy
290,Movie,Hak pau tin ha,1993.0,11,tt0107098,Comedy
291,Movie,The last border - viimeisellä rajalla,1993.0,8,tt0107364,Comedy
292,Movie,"Pacco, doppio pacco e contropaccotto",1993.0,1,tt0107766,Comedy
293,Movie,Mrs. Doubtfire,1994.0,2,tt0107614,Comedy
294,Movie,Bank Robber,1993.0,12,tt0106353,Comedy
295,TV Movie,Body Bags,1993.0,8,tt0106449,Comedy
296,Movie,Roser og persille,1993.0,8,tt0107991,Comedy
297,Movie,Roulez jeunesse!,1993.0,4,tt0107994,Comedy
298,Movie,Wan 9 zhao 5,1994.0,4,tt0111661,Comedy
299,Movie,Mit moon cham on 2: Che chung,1994.0,5,tt0110513,Comedy
300,Movie,Nian nian you jin ri,1994.0,3,tt0110660,Comedy
301,Movie,Little Big League,1994.0,6,tt0110363,Comedy
302,Movie,"Lovers, Lovers",1994.0,3,tt0110397,Comedy
303,Movie,Rám csaj még nem volt ilyen hatással,1994.0,3,tt0111045,Comedy
304,Movie,Wagons East!,1994.0,8,tt0111653,Comedy
305,Movie,Nine Months,1995.0,10,tt0113986,Comedy
306,Movie,Oryol i reshka,1995.0,11,tt0114054,Comedy
307,Movie,Nic smiesznego,1996.0,2,tt0113971,Comedy
308,Movie,Kids of the Round Table,1995.0,12,tt0113541,Comedy
309,Movie,Mollo tutto,1995.0,3,tt0113841,Comedy
310,Movie,The Perez Family,1995.0,5,tt0114113,Comedy
311,Movie,Die Mediocren,1995.0,6,tt0113790,Comedy
312,Movie,Mrs. Munck,1995.0,9,tt0113865,Comedy
313,Movie,Fu sheng,1997.0,9,tt0116325,Comedy
314,Movie,La lengua asesina,1996.0,11,tt0116770,Comedy
315,TV Movie,Faisons un rêve,1996.0,5,tt0116268,Comedy
316,Movie,Leneged Einayim Ma'araviyot,1996.0,,tt0116857,Comedy
317,Movie,Magic in the Mirror,1996.0,8,tt0116959,Comedy
318,Short,Bangs,1996.0,9,tt0115621,Comedy
319,Movie,Chong qing ai qing gan jue,1996.0,9,tt0116290,Comedy
320,Movie,Taafé Fanga,1999.0,3,tt0120266,Comedy
321,Movie,That Darn Cat,1997.0,2,tt0120317,Comedy
322,Movie,Twin Town,1997.0,11,tt0120394,Comedy
323,Movie,Weihnachtsfieber,1997.0,11,tt0120489,Comedy
324,Movie,Reine & Mimmi i fjällen!,1997.0,8,tt0120002,Comedy
325,Movie,A Smile Like Yours,1997.0,9,tt0120151,Comedy
326,TV Movie,steve.oedekerk.com,1997.0,9,tt0120209,Comedy
327,TV Movie,Tales from the Far Side II,1997.0,12,tt0120270,Comedy
328,Movie,"Five Wives, Three Secretaries and Me",1999.0,10,tt0150574,Comedy
329,Movie,Color-Blinded,1998.0,1,tt0150167,Comedy
330,TV Movie,The Gift,1998.0,7,tt0150727,Comedy
331,Movie,Ecco fatto,1998.0,11,tt0150434,Comedy
332,Movie,Homo Heights,1998.0,2,tt0150941,Comedy
333,Movie,Hinterholz 8,1998.0,9,tt0150918,Comedy
334,Movie,El grito en el cielo,1998.0,4,tt0150790,Comedy
335,TV Movie,Erakkorapu,1999.0,2,tt0187831,Comedy
336,TV Movie,Passion Killers,1999.0,4,tt0187659,Comedy
337,Movie,La nouvelle Ève,1999.0,1,tt0186397,Comedy
338,TV Movie,Zenon: Girl of the 21st Century,1999.0,1,tt0186726,Comedy
339,Movie,'Ne günstige Gelegenheit,1999.0,11,tt0187867,Comedy
340,Movie,Doug's 1st Movie,1999.0,7,tt0187819,Comedy
341,Movie,Otesánek,2001.0,1,tt0228687,Comedy
342,Movie,A Little Bit of Lipstick,2000.0,2,tt0228525,Comedy
343,Movie,3 Chinesen mit dem Kontrabass,2000.0,3,tt0228239,Comedy
344,Movie,Les insaisissables,2000.0,5,tt0229475,Comedy
345,Movie,Vive nous!,2000.0,1,tt0229022,Comedy
346,Movie,Ping!,2000.0,8,tt0228720,Comedy
347,Short,Bit Players,2000.0,8,tt0230041,Comedy
348,Movie,The Bunk Witch Project,2000.0,6,tt0230056,Comedy
349,TV Movie,Zenon: The Zequel,2001.0,1,tt0271271,Comedy
350,Short,Jane,2001.0,11,tt0272676,Comedy
351,Movie,Mujhe Meri Biwi Se Bachaao,2001.0,6,tt0272735,Comedy
352,Movie,Jump Tomorrow,2001.0,11,tt0273300,Comedy
353,Movie,The Jimmy Show,2001.0,9,tt0271020,Comedy
354,TV Movie,Call Me Claus,2001.0,12,tt0272018,Comedy
355,Movie,Happy Now,2002.0,10,tt0271538,Comedy
356,Movie,Les âmes câlines,2001.0,12,tt0272093,Comedy
357,TV Movie,Dinner with Friends,2001.0,8,tt0271461,Comedy
358,TV Movie,Ein Sack voll Geld,2002.0,12,tt0304657,Comedy
359,Movie,The Santa Clause 2,2002.0,12,tt0304669,Comedy
360,Short,Fish + Dog,2002.0,3,tt0305578,Comedy
361,Movie,Sex Is Comedy,2003.0,5,tt0304678,Comedy
362,TV Movie,Bobby,2002.0,1,tt0303781,Comedy
363,Movie,Film School Confidential,2002.0,1,tt0304008,Comedy
364,Movie,Nantucket,2002.0,9,tt0304458,Comedy
365,TV Movie,Si Graham Norton,2002.0,1,tt0304707,Comedy
366,Movie,Gate to Heaven,2003.0,12,tt0341372,Comedy
367,Short,Grace,2003.0,1,tt0340737,Comedy
368,Short,Cul de sac,2003.0,6,tt0341326,Comedy
369,Short,Studio City,2003.0,2,tt0341598,Comedy
370,Movie,The R.M.,2003.0,1,tt0341540,Comedy
371,Movie,Gettin' Square,2003.0,10,tt0341376,Comedy
372,Movie,Adam & Eva,2003.0,6,tt0341216,Comedy
373,Short,Mirror Man,2003.0,3,tt0342776,Comedy
374,Movie,Ce jour-là,2003.0,6,tt0343524,Comedy
375,Movie,Wilby Wonderful,2005.0,9,tt0383717,Comedy
376,Movie,Süperseks,2004.0,9,tt0384576,Comedy
377,TV Movie,I Want to Marry Ryan Banks,2004.0,1,tt0385013,Comedy
378,Movie,Kad porastem bicu Kengur,2004.0,3,tt0383846,Comedy
379,Movie,Dontel papa,2004.0,9,tt0385511,Comedy
380,Movie,Bandwagon,2004.0,4,tt0385534,Comedy
381,Movie,Saving Face,2005.0,6,tt0384504,Comedy
382,Movie,Love on the Side,2006.0,3,tt0384037,Comedy
383,Movie,Sans Kapiyi Kirinca,2005.0,1,tt0425426,Comedy
384,Movie,Feast,2007.0,1,tt0426459,Comedy
385,Movie,Enfants terribles,2005.0,10,tt0424999,Comedy
386,Movie,The Essence of Irwin,2005.0,,tt0426452,Comedy
387,Movie,In the Mix,2005.0,11,tt0426615,Comedy
388,Movie,Pardon,2005.0,3,tt0425333,Comedy
389,Movie,Almost Heaven,2005.0,8,tt0425202,Comedy
390,TV Movie,Irren ist sexy,2005.0,1,tt0424187,Comedy
391,Movie,Bernard and Doris,2009.0,9,tt0470732,Comedy
392,Movie,Peanuts,2006.0,1,tt0472482,Comedy
393,Movie,Eccezzziunale veramente - Capitolo secondo... me,2006.0,1,tt0472520,Comedy
394,Movie,Direktøren for det hele,2007.0,5,tt0469754,Comedy
395,Movie,Le rose del deserto,2006.0,12,tt0470082,Comedy
396,Movie,Raftáci,2006.0,3,tt0470079,Comedy
397,Movie,BoyTown,2006.0,10,tt0472615,Comedy
398,Short,Gone to the Dogs,2006.0,1,tt0469911,Comedy
399,TV Movie,The Jimmy Timmy Power Hour 2: When Nerds Collide,2006.0,1,tt0473050,Comedy
400,Movie,Park,2007.0,1,tt0469519,Comedy
401,Short,Bakom Snart är det lördag igen,2007.0,1,tt0808472,Comedy
402,Movie,Pornorama,2007.0,10,tt0808425,Comedy
403,Movie,Vratné lahve,2008.0,3,tt0809951,Comedy
404,Movie,One Long Night,2007.0,,tt0808409,Comedy
405,Movie,Malta con Huevo,2007.0,9,tt0810082,Comedy
406,Movie,Free Rainer,2008.0,6,tt0810868,Comedy
407,Short,World of Wrestling,2007.0,9,tt0810099,Comedy
408,Movie,The Ten,2008.0,4,tt0811106,Comedy
409,Short,Pure Gasoline,2017.0,,tt10070746,Comedy
410,Short,At Sixes and Sevens,2017.0,11,tt10071408,Comedy
411,Short,About A Short Film,2018.0,9,tt10061802,Comedy
412,Short,Life As We Know It,2019.0,3,tt10021716,Comedy
413,Movie,Papers 14: Purge of the Papers,2019.0,8,tt10021688,Comedy
414,Movie,The Protector,2019.0,2,tt10022384,Comedy
415,Movie,Secret Society of Second-Born Royals,2020.0,9,tt10324122,Comedy
416,TV Movie,Unbreakable Kimmy Schmidt: Kimmy vs the Reverend,2020.0,8,tt10324166,Comedy
417,Movie,Café Mirage,2020.0,10,tt10326882,Comedy
418,Movie,The Addams Family 2,2021.0,10,tt11125620,Comedy
419,Movie,YOUTH TOPIA,2021.0,,tt11132688,Comedy
420,TV Movie,One Minute Show,2021.0,1,tt11135944,Comedy
421,Movie,Ur spår,2022.0,1,tt13316790,Comedy
422,Movie,The Lost City,2022.0,3,tt13320622,Comedy
423,Short,Full Throttle Paradise,2022.0,1,tt13320706,Comedy
424,Movie,Ça tourne à Saint-Pierre et Miquelon,2022.0,5,tt13322796,Comedy
425,Movie,Slumberland - Nel mondo dei sogni,2022.0,11,tt13320662,Comedy
426,Movie,Kiljuset!,2022.0,12,tt13328854,Comedy
427,Movie,Envol,2022.0,4,tt13335652,Comedy
428,TV Movie,Jak chutnà láska,2002.0,12,tt0470382,Fantasy
429,Short,Dream a Little Dream for Me,2002.0,6,tt0472074,Fantasy
430,Movie,Clown Series 1-10,2002.0,9,tt0472618,Fantasy
431,Short,Pigeon,2002.0,4,tt0472485,Fantasy
432,TV Movie,Strange Frequency 2,2003.0,1,tt0475404,Fantasy
433,TV Movie,Criss Angel Mindfreak,2002.0,10,tt0475945,Fantasy
434,Movie,Doraemon: Nobita to fushigi kazetsukai,2003.0,3,tt0473474,Fantasy
435,Movie,Ta-Kien,2003.0,10,tt0474949,Fantasy
436,Short,The Grove,2003.0,,tt0475600,Fantasy
437,TV Movie,Criss Angel Supernatural,2003.0,10,tt0475946,Fantasy
438,Short,La petite feuille,2003.0,12,tt0478821,Fantasy
439,Movie,Under a Shipwrecked Moon,2003.0,5,tt0481001,Fantasy
440,Short,Cult,2003.0,3,tt0480969,Fantasy
441,TV Movie,"Mosè e Faraone, o Il passaggio del Mar Rosso",2003.0,12,tt0480768,Fantasy
442,Short,O magos tis Venetias,2003.0,9,tt0481302,Fantasy
443,TV Movie,The Initiation of Sarah,2006.0,10,tt0795403,Fantasy
444,TV Movie,Reign of the Gargoyles,2010.0,9,tt0969322,Fantasy
445,Movie,Star Wars: The Clone Wars,2008.0,8,tt1185834,Fantasy
446,TV Movie,El que habita las alturas,2011.0,6,tt1322910,Fantasy
447,Short,The Hunt for Gollum,2011.0,4,tt1323925,Fantasy
448,Movie,El sol,2011.0,,tt1324057,Fantasy
449,Movie,Finale,2010.0,9,tt1326218,Fantasy
450,Movie,Out of the Fog,2009.0,6,tt1326957,Fantasy
451,Movie,Chi bi: Jue zhan tian xia,2009.0,1,tt1326972,Fantasy
452,Movie,Charlie St. Cloud,2010.0,10,tt1438254,Fantasy
453,Movie,Gladiator Games,2010.0,9,tt1439532,Fantasy
454,Short,"Aguarde, por favor!",2011.0,,tt12141548,Fantasy
455,Short,Original Sin,2011.0,3,tt12215220,Fantasy
456,Movie,Zookeeper,2011.0,7,tt1222817,Fantasy
457,Movie,Vampire Madness,2011.0,10,tt12306262,Fantasy
458,Short,Portrait,2011.0,5,tt12321038,Fantasy
459,Movie,The Future,2011.0,9,tt1235170,Fantasy
460,Short,In the Realms of Gold,2013.0,6,tt13820914,Fantasy
461,Short,"Portraits: Emile, 98bit",2012.0,,tt13817214,Fantasy
462,Short,Astral,2019.0,5,tt10100940,Fantasy
463,Movie,Brightheart,2021.0,1,tt11107978,Fantasy
464,Movie,Kiokuya: Anata o wasurenai,2020.0,1,tt11116656,Fantasy
465,Short,Lukøje,2020.0,9,tt11124092,Fantasy
466,Short,Hopsa Heisasa,2020.0,9,tt11128480,Fantasy
467,Movie,Armugan,2020.0,11,tt11123316,Fantasy
468,Short,The Black Baptism,2020.0,2,tt11131816,Fantasy
469,Movie,La mujer del Presidente,2021.0,11,tt12572368,Fantasy
470,Movie,Darker Than Night,2021.0,,tt12592338,Fantasy
471,Movie,My Dog Is Sick,2021.0,8,tt12592680,Fantasy
472,Movie,The New Frontier,2021.0,6,tt12619898,Fantasy
473,Movie,Churuli,2021.0,11,tt12625756,Fantasy
474,Short,Fantasm,2006.0,10,tt4621366,Horror
475,Short,Spooked,2006.0,5,tt4629450,Horror
476,Short,Fool Moon,2006.0,5,tt4631440,Horror
477,Short,Pumpkin Night,2006.0,10,tt4636258,Horror
478,Short,A Very Merry Chris 'n' Craig Mas,2006.0,12,tt4641348,Horror
479,Short,Skogen,2007.0,6,tt4666644,Horror
480,Short,Tales of Horror: The Judgment,2006.0,9,tt4872678,Horror
481,Short,Descendants of the Coven,2006.0,4,tt4903204,Horror
482,Short,Manic,2006.0,10,tt4924236,Horror
483,Movie,Parkway,2007.0,5,tt1964988,Horror
484,Movie,Il cerchio dei morti,2007.0,9,tt1984180,Horror
485,Short,Confession 3,2007.0,10,tt1995281,Horror
486,Short,It Returns from My Basement,2007.0,7,tt2004260,Horror
487,Short,Live Zombys: The Farm,2007.0,10,tt2007420,Horror
488,Short,Skin Deep,2007.0,10,tt2008636,Horror
489,Short,Maelstrom,2007.0,6,tt2011113,Horror
490,Movie,A praga,2011.0,,tt2016844,Horror
491,Short,Cabin,2007.0,10,tt2025513,Horror
492,Short,Slash Hive,2007.0,3,tt2035624,Horror
493,Short,Pervaya sopka. Mest beshenogo Gansalesa,2007.0,9,tt2041503,Horror
494,TV Movie,Chiller's Dare 2 Direct Short Film Festival 2007,2007.0,10,tt2043811,Horror
495,Short,Z-Day,2007.0,10,tt2047925,Horror
496,Short,Dead End,2007.0,9,tt2057385,Horror
497,Short,A Child's Toy,2007.0,3,tt2075080,Horror
498,Short,When You Owe You Pay,2009.0,10,tt2069978,Horror
499,Movie,Gap,2008.0,2,tt2072977,Horror
500,Short,12 Minutes,2008.0,7,tt2076140,Horror
501,Short,Crna ovca u restoranu za zombije,2008.0,9,tt2079488,Horror
502,Short,Transmitted,2008.0,3,tt2082492,Horror
503,Short,The Sinister Grin,2008.0,10,tt2089839,Horror
504,Short,Kaj Upokojenci Skrivajo v Kleti,2008.0,7,tt2088807,Horror
505,Short,Sick Perverts,2008.0,,tt2090607,Horror
506,Short,The Deadline,2008.0,4,tt2091432,Horror
507,Short,Don't Look Back,2008.0,11,tt2095626,Horror
508,Movie,Empaná de pino,2008.0,10,tt2109121,Horror
509,Short,Basura,2008.0,10,tt2110395,Horror
510,Movie,Dok,2008.0,10,tt2111297,Horror
511,Movie,Dawna of the Dead,2008.0,8,tt2115308,Horror
512,Movie,Dead Ahead,2012.0,,tt2122322,Horror
513,Short,Jour blanc,2008.0,5,tt2130074,Horror
514,Movie,Djavolje Kolo,2008.0,6,tt2132311,Horror
515,Short,The Porthkerry Experience,2008.0,1,tt2132495,Horror
516,Short,3 Wishes,2008.0,10,tt2148815,Horror
517,Movie,Rak Lorn,2008.0,5,tt2150812,Horror
518,Short,Trepidation,2008.0,12,tt2151887,Horror
519,Short,Echo Park,2008.0,5,tt2151052,Horror
520,Short,Make It Nice,2008.0,7,tt2153885,Horror
521,Short,Star Wars: Don't Go in the Endor Woods,2008.0,5,tt2166141,Horror
522,Short,The Tower,2008.0,10,tt2166261,Horror
523,Short,Zombie Noir,2008.0,3,tt2176045,Horror
524,Short,The Flea,2008.0,8,tt2174552,Horror
525,Short,Noise,2008.0,9,tt2177562,Horror
526,Short,The Forecast,2008.0,10,tt2191664,Horror
527,Short,Uhripuu - The Sacrifice Tree,2008.0,4,tt2195110,Horror
528,Short,A Carne,2008.0,10,tt2194491,Horror
529,Movie,Nina Crazy Suicide Girl: Le Prigioniere di Satana,2008.0,,tt2201141,Horror
530,Short,Alta Frecuencia,2008.0,10,tt2202371,Horror
531,Movie,La raíz del mal,2008.0,12,tt2205539,Horror
532,Movie,Slurpees,2008.0,7,tt2217816,Horror
533,Short,My Worst Nightmare,2008.0,6,tt2217881,Horror
534,Short,Vendrá la muerte y tendrá tus ojos,2008.0,,tt2235801,Horror
535,Short,Het mysterie van de volle maan,2009.0,9,tt1596262,Horror
536,Movie,Yoga hakwon,2009.0,8,tt1599378,Horror
537,Short,Spirale,2009.0,11,tt1600443,Horror
538,Movie,Made Out Alive,2009.0,1,tt1600765,Horror
539,Short,Birth of a Nicola,2009.0,9,tt1602039,Horror
540,Movie,Aa Intlo,2009.0,7,tt1601791,Horror
541,Short,Bloodbath,2009.0,6,tt1602110,Horror
542,Short,Buttf**ker,2009.0,4,tt1603470,Horror
543,Movie,Cheun,2009.0,10,tt1603807,Horror
544,Movie,Cheuuat gaawn chim,2009.0,3,tt1603808,Horror
545,Short,Pipe Wrench,2010.0,1,tt1603911,Horror
546,Movie,Pengantin Pantai Biru,2010.0,9,tt1748161,Horror
547,Movie,Ninjas vs. Vampires,2011.0,8,tt1748134,Horror
548,Movie,White House,2010.0,10,tt1748288,Horror
549,Movie,Malevolent Ascent,2010.0,10,tt1754170,Horror
550,Short,All Flowers in Time,2012.0,5,tt1753423,Horror
551,Movie,A Taste,2010.0,10,tt1753402,Horror
552,Short,Blarghaaahrgarg,2010.0,10,tt1753518,Horror
553,Short,Bats in the Belfry,2013.0,10,tt1753484,Horror
554,Short,Don't Look Under the Bed,2010.0,10,tt1753727,Horror
555,Movie,Kalevet,2010.0,12,tt1754000,Horror
556,Short,Liebe oder nichts,2010.0,10,tt1754124,Horror
557,Short,Night of the Unwed,2010.0,8,tt1754274,Horror
558,Movie,Easter Bunny Bloodbath,2010.0,,tt1753750,Horror
559,Short,Closed Door,2011.0,6,tt1753598,Horror
560,Short,Le malinconiche pene del Grom,2012.0,5,tt1754088,Horror
561,Short,The Next,2010.0,10,tt1754677,Horror
562,Short,The Couple,2010.0,10,tt1754614,Horror
563,Movie,The Unwelcome,2010.0,8,tt1754726,Horror
564,Short,The Brutalizer,2010.0,10,tt1754599,Horror
565,Short,Phobia,2010.0,4,tt1754348,Horror
566,Short,Within,2010.0,10,tt1754901,Horror
567,Short,The Withered Dead,2010.0,9,tt1754732,Horror
568,Short,Lancaster Square,2010.0,9,tt1754077,Horror
569,Short,Dead Search,2010.0,6,tt1753674,Horror
570,Short,The Hitchhiker,2011.0,2,tt1999969,Horror
571,Short,Call of Nature,2011.0,9,tt2000410,Horror
572,Short,Daddy Cross,2011.0,7,tt1999858,Horror
573,Movie,Caustic Zombies,2011.0,7,tt1999851,Horror
574,Short,Hurst,2011.0,6,tt1999895,Horror
575,Short,"Tingen, Edderkoppen",2011.0,5,tt2000433,Horror
576,Short,Am I,2011.0,11,tt2004153,Horror
577,Short,Dead End,2011.0,6,tt2005193,Horror
578,Short,Weeping,2011.0,6,tt2004426,Horror
579,Short,The Executive Producer,2011.0,9,tt2005372,Horror
580,Short,Flesh Art,2011.0,8,tt2005220,Horror
581,Short,Little Red,2011.0,7,tt2004284,Horror
582,Movie,Darkwood Manor,2011.0,9,tt2005190,Horror
583,Movie,Dead Bodies Everywhere,2011.0,8,tt2006093,Horror
584,Short,Versipellis,2012.0,1,tt2006297,Horror
585,Short,Foreplay,2011.0,6,tt2005221,Horror
586,Movie,12/12/2012,2012.0,12,tt2313780,Horror
587,Movie,Kuntilanak-Kuntilanak,2012.0,4,tt2316550,Horror
588,Movie,Ex Abyssus,2012.0,10,tt2315792,Horror
589,Short,Samayou shinzô,2012.0,5,tt2315292,Horror
590,Movie,The Devil's Music,2012.0,8,tt2314348,Horror
591,Short,File 13,2012.0,8,tt2314254,Horror
592,Short,The Hole,2012.0,7,tt2315170,Horror
593,Short,Six Ghosts,2012.0,4,tt2315864,Horror
594,Movie,Kung Fu Pocong Perawan,2012.0,4,tt2316418,Horror
595,Movie,Nenek Gayung,2012.0,4,tt2316564,Horror
596,Movie,Children of the Grave 2,2012.0,3,tt2316521,Horror
597,Short,Too Focused,2012.0,8,tt2315428,Horror
598,Short,Exorsister,2012.0,3,tt2316637,Horror
599,Short,All the Fists in the World Won't Save You Now,2012.0,8,tt2317486,Horror
600,Short,UNLV Massacre,2012.0,4,tt2316404,Horror
601,Movie,Rakugo eiga,2013.0,4,tt2317414,Horror
602,Movie,Paranormal Adoption,2012.0,1,tt2316959,Horror
603,Movie,Morgana,2012.0,8,tt2318360,Horror
604,Short,Just Like You...,2012.0,6,tt2318569,Horror
605,Short,Pumpkin Morgue Paranormal Investigators: Touch the Sky,2012.0,10,tt2319420,Horror
606,Movie,The Darkening,2012.0,9,tt2317734,Horror
607,Short,Clowning Around,2012.0,2,tt2318433,Horror
608,Short,Shivers Down Your Spine: Convention Girl,2012.0,3,tt2318675,Horror
609,Short,Hush,2012.0,2,tt2318535,Horror
610,Short,La Casa De Arriba,2013.0,9,tt2938190,Horror
611,Short,Friends,2013.0,5,tt2937378,Horror
612,Short,Soleil rouge,2013.0,5,tt2943870,Horror
613,Short,Dead of Winter,2013.0,3,tt2941494,Horror
614,Movie,Hellhounds,2013.0,11,tt2943990,Horror
615,Movie,Bhoner: The Movie,2013.0,3,tt2936408,Horror
616,Movie,Until Death,2013.0,11,tt2939094,Horror
617,Movie,Ridge War Z,2013.0,11,tt2941258,Horror
618,Movie,Midnight Man,2013.0,10,tt2937080,Horror
619,Short,Porcelain Rising,2013.0,5,tt2938282,Horror
620,Short,Liebe,2014.0,4,tt2940782,Horror
621,Short,Estrela Radiante,2013.0,3,tt2941436,Horror
622,Movie,Enter If You Dare: House on Creepy Lane Part 2,2013.0,10,tt2942404,Horror
623,Movie,El misterio de Vera Drudi,2013.0,6,tt2942728,Horror
624,Short,Fear: The Movie,2014.0,6,tt3608780,Horror
625,Movie,The Coed and the Zombie Stoner,2014.0,4,tt3608654,Horror
626,Movie,"Saikin, chôchô wa...",2014.0,5,tt3609482,Horror
627,Short,Unnatural History,2014.0,8,tt3609874,Horror
628,Movie,Reset,2014.0,3,tt3608476,Horror
629,Short,Skyglow,2014.0,10,tt3608808,Horror
630,Short,Funhouse,2014.0,5,tt3610680,Horror
631,Movie,Ban khang winyan,2014.0,4,tt3612476,Horror
632,Movie,Hong lork lorn,2014.0,3,tt3612494,Horror
633,Short,Salvation Jane,2014.0,5,tt3612342,Horror
634,Short,Maria,2014.0,8,tt3614484,Horror
635,Short,Picture Particles,2014.0,6,tt3615590,Horror
636,Short,Guilt,2014.0,8,tt3614870,Horror
637,Short,Icky,2014.0,,tt3615066,Horror
638,Short,Body in Boot,2014.0,,tt3615570,Horror
639,Short,Ruka,2014.0,3,tt3616378,Horror
640,Short,Found Footage: The Lost Genre,2014.0,3,tt3617952,Horror
641,Short,Sandarsakan - The Visitor,2014.0,2,tt3613664,Horror
642,Short,Precocious Movie Kids,2014.0,4,tt3616444,Horror
643,Short,Out of Breath,2014.0,10,tt3619340,Horror
644,Movie,Creature,2014.0,9,tt3619854,Horror
645,Short,Mr. Dentonn,2014.0,5,tt3620736,Horror
646,Short,Behind Closed Doors,2014.0,1,tt3620118,Horror
647,Short,The Left-Hand Path,2014.0,3,tt3622252,Horror
648,Short,The Right Girl,2014.0,3,tt3621466,Horror
649,Short,Nyctophobia,2014.0,7,tt3623882,Horror
650,Movie,Demons,2014.0,9,tt3629024,Horror
651,TV Movie,R.L. Stine's Monsterville: Cabinet of Souls,2015.0,9,tt4386242,Horror
652,Movie,GrossHouse,2015.0,3,tt4388230,Horror
653,Movie,Slumlord,2016.0,4,tt4392454,Horror
654,TV Movie,Haunted,2015.0,1,tt4392362,Horror
655,Short,Wide Spread,2015.0,1,tt4392724,Horror
656,Short,The Smiling Man,2015.0,6,tt4392396,Horror
657,Movie,Follow,2015.0,9,tt4396584,Horror
658,Short,Rate Me,2015.0,9,tt4396330,Horror
659,Short,Sisters,2015.0,11,tt4397114,Horror
660,Short,The Wager,2015.0,9,tt4396034,Horror
661,Short,Hands of Wicked Men,2015.0,6,tt4396744,Horror
662,Short,Vacation,2015.0,1,tt4397576,Horror
663,Short,Thee Massacre: Drenched in Blood and Sweat,2015.0,1,tt4400036,Horror
664,Movie,The Haunter of the Dark,2015.0,1,tt4402410,Horror
665,Movie,StaggeR .0,2015.0,7,tt4402074,Horror
666,Movie,Haman,2019.0,3,tt4401702,Horror
667,Short,Calling,2015.0,2,tt4401132,Horror
668,Short,"Enter, Metanoia",2015.0,,tt4401362,Horror
669,Short,Midnight Kiss,2015.0,10,tt4405432,Horror
670,Movie,Kartoffelsalat,2015.0,7,tt4404474,Horror
671,Short,When the Night Falls,2015.0,,tt4401386,Horror
672,Short,Snow Dayz,2015.0,6,tt4404292,Horror
673,Short,Hyde,2015.0,9,tt4412338,Horror
674,Short,Getting Ready for a Lunch Date,2015.0,6,tt4411554,Horror
675,Movie,Who? What? Where? Wolf!!!,2016.0,,tt5330902,Horror
676,Short,Tutorial,2016.0,3,tt5330854,Horror
677,Short,Friends Forever,2016.0,,tt5331612,Horror
678,Short,Koritsia tis thalassas,2016.0,9,tt5333132,Horror
679,Short,The Call of Charlie,2016.0,8,tt5334598,Horror
680,Short,The Existential Zombie,2016.0,1,tt5333890,Horror
681,Short,She,2016.0,10,tt5334102,Horror
682,TV Movie,Die Geur van Appelkose,2016.0,,tt5338346,Horror
683,Short,Thrust of the Blade,2016.0,4,tt5337414,Horror
684,Movie,Aurora,2016.0,,tt5341128,Horror
685,Short,The Devilman,2016.0,,tt5341078,Horror
686,Movie,The spirit chaser,2016.0,,tt5340542,Horror
687,Movie,Zoombies,2016.0,10,tt5340882,Horror
688,Short,The Hand. Return,2016.0,1,tt5341538,Horror
689,Short,Slayer A.D.,2016.0,5,tt5342520,Horror
690,Short,"Eternal Coma, 1994",2016.0,6,tt5342196,Horror
691,Short,The Puppet Man,2016.0,1,tt5340864,Horror
692,Movie,Exscind,2016.0,,tt5343730,Horror
693,Short,Staged,2016.0,10,tt5344394,Horror
694,Movie,Patient Seven,2020.0,7,tt5345298,Horror
695,Short,Divination,2016.0,1,tt5350044,Horror
696,Movie,Gritos del Monday,2016.0,4,tt5350098,Horror
697,Movie,Çagrilan,2016.0,2,tt5352034,Horror
698,Short,Circles,2016.0,1,tt5350688,Horror
699,Short,Dusty,2016.0,1,tt5353006,Horror
700,Movie,Vile Prey,2016.0,10,tt5352998,Horror
701,Short,Flamingo,2016.0,3,tt5355360,Horror
702,Movie,Lake on Fire,2016.0,1,tt5354458,Horror
703,Short,Captured,2017.0,10,tt5851592,Horror
704,Movie,Sacrilege,2017.0,5,tt5848862,Horror
705,Movie,Kodomo tsukai,2017.0,6,tt5856116,Horror
706,Movie,The Doll Master,2018.0,3,tt5856594,Horror
707,Movie,The Atoning,2017.0,9,tt5854198,Horror
708,Short,Agatha,2017.0,10,tt5860750,Horror
709,Short,I Contacted Poison Control,2017.0,3,tt5862836,Horror
710,Movie,Sleep No More,2018.0,10,tt5861882,Horror
711,Short,Wettlaufers Widow,2017.0,10,tt5859042,Horror
712,Movie,Verónica,2018.0,2,tt5862312,Horror
713,Short,Eddie,2017.0,7,tt5858234,Horror
714,Movie,Fagyott május,2017.0,5,tt5863822,Horror
715,Short,Svarta Madam,2017.0,2,tt5868058,Horror
716,Short,Over the Fairy Hill,2017.0,3,tt5862464,Horror
717,Movie,O Vídeo 2,2017.0,11,tt5871412,Horror
718,Short,Orpheum,2017.0,4,tt5867404,Horror
719,Movie,Attack of the Adult Babies,2017.0,9,tt5871318,Horror
720,Short,Birthday,2018.0,4,tt5869246,Horror
721,Short,Into the Black,2017.0,,tt5866170,Horror
722,Short,Lunch Box,2017.0,10,tt5873448,Horror
723,Movie,The City of Gold,2018.0,12,tt4113346,Horror
724,Movie,CobraGator,2018.0,,tt4155680,Horror
725,Movie,3:15 AM,2018.0,10,tt4161376,Horror
726,Movie,Bacao,2018.0,6,tt4157484,Horror
727,Movie,Inner Ghosts,2020.0,3,tt4177670,Horror
728,Movie,Black Pumpkin,2020.0,12,tt4180532,Horror
729,Short,Malacostraca,2018.0,9,tt4185538,Horror
730,Movie,Achoura,2020.0,2,tt4188180,Horror
731,Short,Hunted: Outbreak,2018.0,,tt4187646,Horror
732,Movie,Exit 14,2018.0,12,tt4202970,Horror
733,Movie,Moma's Spirit,2018.0,3,tt4203788,Horror
734,Movie,Something in the Dark,2018.0,10,tt4204450,Horror
735,Short,Ghost Walks,2018.0,1,tt4208978,Horror
736,Movie,Virus of the Dead,2018.0,11,tt4225092,Horror
737,Movie,Eat Me,2018.0,3,tt4229864,Horror
738,Movie,The Key and the Answer,2018.0,,tt4259842,Horror
739,Movie,The Snarling,2018.0,10,tt4263780,Horror
740,Short,Ben: The Movie,2018.0,10,tt4266102,Horror
741,Movie,La nuit a dévoré le monde,2018.0,3,tt4266076,Horror
742,Movie,Seven Stages to Achieve Eternal Bliss by Passing Through the Gateway Chosen by the Holy Storsh,2020.0,3,tt4270452,Horror
743,Movie,Seven in Heaven,2018.0,10,tt4269118,Horror
744,Movie,Chuck Steel: Night of the Trampires,2021.0,10,tt4278346,Horror
745,Movie,West of Hell,2018.0,6,tt4287470,Horror
746,Movie,The Iced Hunter,2018.0,5,tt4305160,Horror
747,Movie,American Exorcist,2018.0,10,tt4312842,Horror
748,Movie,Blackout,2018.0,3,tt4335614,Horror
749,Movie,The Beast of Calvary Creek,2018.0,1,tt4352538,Horror
750,Movie,Hide in the Light,2018.0,10,tt4369136,Horror
751,Short,Seen,2018.0,10,tt4368570,Horror
752,Movie,Blood Vow,2018.0,1,tt4372084,Horror
753,Movie,Mulgoe,2018.0,9,tt4374286,Horror
754,Movie,Pumpkins,2018.0,1,tt4381382,Horror
755,Movie,Finding GrassMan,2018.0,3,tt4404206,Horror
756,Movie,Slice,2018.0,9,tt4411234,Horror
757,Movie,The Spiritualist,2018.0,10,tt4418152,Horror
758,Movie,Boogeyman Pop,2018.0,6,tt4422886,Horror
759,Movie,Island of the Dolls,2018.0,10,tt4423788,Horror
760,Movie,Aux,2018.0,3,tt4443974,Horror
761,Movie,Killing Joan,2018.0,4,tt4454834,Horror
762,Movie,In Memory Of,2018.0,6,tt4457008,Horror
763,Short,I Think You Should Flee,2018.0,12,tt4472982,Horror
764,Movie,Necronomicón,2018.0,3,tt4491146,Horror
765,Movie,Rumah Belanda,2018.0,1,tt4504144,Horror
766,Movie,Bigfoot,2018.0,8,tt4503112,Horror
767,Movie,Tainted Love,2018.0,2,tt4507566,Horror
768,Movie,Headgame,2018.0,2,tt4518962,Horror
769,Short,A Novel Tale of Grave Danger,2018.0,12,tt4516814,Horror
770,Movie,Darkness Reigns,2018.0,7,tt4520518,Horror
771,Movie,Overlord,2018.0,11,tt4530422,Horror
772,Movie,Kembalinya Anak Iblis,2019.0,9,tt10768346,Horror
773,Short,Locker,2019.0,5,tt10767566,Horror
774,Movie,La llorona,2020.0,6,tt10767168,Horror
775,Short,Unity,2019.0,7,tt10767384,Horror
776,Movie,Slaughterhouse Slumber Party,2019.0,8,tt10771232,Horror
777,Short,The Slit-Mouthed Woman,2019.0,3,tt10771014,Horror
778,Short,Punisher,2019.0,5,tt10771492,Horror
779,Short,Dibbuk,2019.0,7,tt10772310,Horror
780,Short,A Haunting at The Octagon Mansion,2019.0,8,tt10772508,Horror
781,Short,Birds of a Feather,2019.0,6,tt10773246,Horror
782,Short,It Whispers,2019.0,10,tt10772348,Horror
783,Short,Violeta,2019.0,10,tt10772728,Horror
784,Short,Gray Matters,2019.0,9,tt10772994,Horror
785,Short,By Night's End,2019.0,8,tt10771344,Horror
786,Movie,Texas Death Trippin',2019.0,12,tt10772304,Horror
787,Short,I Want Mommy,2019.0,7,tt10773386,Horror
788,Short,Maledictus,2019.0,8,tt10777280,Horror
789,Movie,Alyti,2020.0,9,tt10776598,Horror
790,Short,Vacant Rooms,2019.0,7,tt10774576,Horror
791,Short,The Fork,2019.0,10,tt10777088,Horror
792,Short,Ashes,2019.0,7,tt10776436,Horror
793,Short,Return To Haddonfield,2019.0,10,tt10776702,Horror
794,Short,Hora de cenar,2019.0,8,tt10777296,Horror
795,Short,The Ferryman,2019.0,,tt10778584,Horror
796,Short,Locked In,2019.0,10,tt10786718,Horror
797,Short,Blackface,2019.0,4,tt10783516,Horror
798,Movie,Insight of Evil 2: Vengeance,2019.0,10,tt10783080,Horror
799,Short,Legend of Takawa,2019.0,12,tt10787718,Horror
800,Short,My Boyfriend the Boogeyman,2019.0,,tt10787274,Horror
801,Short,The Hitchhiker,2019.0,6,tt10785206,Horror
802,Short,The Painter,2020.0,4,tt12234750,Horror
803,Short,Clowning Around,2020.0,4,tt12235836,Horror
804,Short,From Outside,2020.0,4,tt12236310,Horror
805,Short,FEIC - Fonti eminenti inconfutabili confermano,2020.0,9,tt12239222,Horror
806,Short,Momma,2020.0,5,tt12236288,Horror
807,Short,Widow Maker: The Soul-Sucking Dog,2020.0,4,tt12236242,Horror
808,Short,Critical Perfection,2020.0,10,tt12237116,Horror
809,Short,"Don't Worry, You Don't Exist",2020.0,4,tt12241238,Horror
810,Short,Alone,2020.0,4,tt12239042,Horror
811,Short,Nederlands-Engels Woordenboek,2020.0,4,tt12239128,Horror
812,Short,Capture,2020.0,5,tt12242936,Horror
813,Short,Catalyst,2020.0,4,tt12241482,Horror
814,Short,Tapes,2020.0,5,tt12244152,Horror
815,Short,Strange Encounters,2020.0,5,tt12245806,Horror
816,Short,Bite Me,2020.0,5,tt12244390,Horror
817,Short,Plu-ral,2020.0,4,tt12244676,Horror
818,Short,Toby Doll,2020.0,5,tt12245110,Horror
819,Short,In My Name,2020.0,3,tt12245768,Horror
820,Short,Domain,2020.0,4,tt12247826,Horror
821,Short,Watching You,2020.0,3,tt12245872,Horror
822,Short,Peer,2020.0,4,tt12246836,Horror
823,Short,Envy,2020.0,4,tt12249036,Horror
824,Movie,Life.,2021.0,5,tt14165710,Horror
825,Short,Fame Fatale,2021.0,,tt14164708,Horror
826,Short,"Night, Night, Baby 3: Goodnight Forever",2021.0,8,tt14168392,Horror
827,Short,Gold Coins,2021.0,3,tt14168888,Horror
828,Movie,Grindsploitation 9,2021.0,2,tt14170458,Horror
829,Movie,IRUL: Ghost Hotel,2021.0,3,tt14170178,Horror
830,Short,No Return,2021.0,3,tt14170108,Horror
831,Short,A Chamada,2021.0,3,tt14172656,Horror
832,Short,Emory Woods,2021.0,,tt14175438,Horror
833,Short,The Pack,2021.0,,tt14172892,Horror
834,Movie,Miracle Valley,2022.0,,tt14174586,Horror
835,Short,Doppelgänger,2021.0,3,tt14174278,Horror
836,Short,The Faraway Place,2022.0,11,tt19316160,Horror
837,Short,Don't Look in the Basement,2022.0,3,tt19316712,Horror
838,Movie,Haunted Universities 2nd Semester,2022.0,3,tt19328882,Horror
839,Short,Blood and Black Lace,2022.0,4,tt19355610,Horror
840,Short,Scream: Fan Film,2022.0,8,tt19357018,Horror
841,Short,OST,2022.0,4,tt19353940,Horror
842,Short,Mittel Würffel,2022.0,3,tt19354910,Horror
843,Short,MORBIUS,2022.0,4,tt19356146,Horror
844,Movie,Winter of '83,2022.0,4,tt19357478,Horror
845,Short,Who's There,2022.0,4,tt19358828,Horror
846,Short,Backrooms Found Footage,2022.0,3,tt19359866,Horror
847,Short,DIEver,2022.0,5,tt19363900,Horror
848,Movie,No: 26 Ölüm Çigligi,2022.0,4,tt19357830,Horror
849,Short,Hide and Seek,2022.0,4,tt19364200,Horror
850,Movie,Iblis: Karanligin Sahibi,2022.0,4,tt19357834,Horror
851,Short,Aranya Sen,2022.0,3,tt19365024,Horror
852,Short,The Cleansing,2022.0,5,tt19365498,Horror
853,Movie,Piranha Women,2022.0,6,tt19365926,Horror
854,Short,Erecting A Monster,2022.0,5,tt19367438,Horror
855,Short,Terroir,2022.0,12,tt19369392,Horror
856,Short,Peripheral,2022.0,10,tt19369570,Horror
857,Movie,RiffTrax: Zombie Nightmare,2022.0,4,tt19369784,Horror
858,Movie,The Killer Balloon,2022.0,4,tt19370248,Horror
859,Movie,Trash Juice,2022.0,10,tt19370780,Horror
860,Short,Wanna Play A Game,2022.0,1,tt19369296,Horror
861,Short,The knifemare,2022.0,3,tt19365404,Horror
862,Movie,Day 66,2023.0,5,tt27811641,Horror
863,Movie,Wicked Fright,2023.0,5,tt27812098,Horror
864,Movie,The Poors,2023.0,5,tt27812638,Horror
865,Short,Ghunghroo,2023.0,5,tt27812992,Horror
866,Short,Slumber Hunger,2023.0,5,tt27813558,Horror
867,Short,Beholder,2023.0,5,tt27814965,Horror
868,Short,GhostGame,2023.0,5,tt27817365,Horror
869,Movie,Vloek: kutukan,2023.0,8,tt27818377,Horror
870,Short,Noctambule,2023.0,9,tt27818862,Horror
871,Short,Tape X,2023.0,5,tt27825585,Horror
872,Short,A nap...,2023.0,5,tt27826966,Horror
873,Short,Paradise Hell,2023.0,1,tt27829138,Horror
874,Movie,Barbatachtian 5: Alive,2023.0,4,tt27829251,Horror
875,Movie,Mansplained,2023.0,9,tt27829732,Horror
876,Short,Blackwater,2023.0,4,tt27830338,Horror
877,Movie,The Hand,2023.0,6,tt27830625,Horror
878,Short,Perfect Match,2023.0,2,tt27831431,Horror
879,Movie,Meera Ka Mohan,1992.0,2,tt0378343,Romance
880,Movie,Sana kahit minsan,1992.0,6,tt0385212,Romance
881,Movie,Qaid Mein Hai Bulbul,1992.0,3,tt0390400,Romance
882,Movie,Boy Friend,1993.0,10,tt0395480,Romance
883,Movie,Kanmani,1994.0,1,tt0317807,Romance
884,Movie,Pehla Pehla Pyar,1994.0,5,tt0317985,Romance
885,Movie,Amor que mata,1994.0,10,tt0318984,Romance
886,Movie,Rasigan,1994.0,7,tt0331642,Romance
887,Movie,Headphoneul beosheora,1994.0,6,tt0333547,Romance
888,Movie,Pinkbit gangtong,1994.0,1,tt0334113,Romance
889,Movie,Nuga naleul michige haneunga,1995.0,9,tt0285804,Romance
890,Movie,Haqeeqat,1995.0,12,tt0286672,Romance
891,Movie,Tranzito,1995.0,3,tt0289575,Romance
892,Movie,Endoresu warutsu,1995.0,10,tt0291149,Romance
893,Movie,I zoi enamisy hiliariko,1996.0,5,tt0292387,Romance
894,Movie,Vizio e provocazione,1995.0,,tt0295539,Romance
895,Movie,Kirot 2,1995.0,,tt0301512,Romance
896,Movie,Sri Krishnarjuna Vijayam,1996.0,5,tt0267950,Romance
897,Movie,Jincha sanai,1996.0,4,tt0272681,Romance
898,Movie,Istanbul Kanatlarimin Altinda,1996.0,3,tt0272142,Romance
899,Movie,Udyanapalakan,1996.0,12,tt0271849,Romance
900,TV Movie,D'amour et d'eau salée,1996.0,8,tt0273163,Romance
901,Movie,Kaathil Oru Kinnaram,1996.0,7,tt0275441,Romance
902,TV Movie,Un homme,1997.0,6,tt0219371,Romance
903,Movie,Flames: The Movie,1997.0,7,tt0216753,Romance
904,Movie,Mohabbat,1997.0,9,tt0217660,Romance
905,Movie,Sled kraja na sveta,1998.0,11,tt0206303,Romance
906,TV Movie,Wuthering Heights,1998.0,4,tt0204744,Romance
907,Movie,Doli Saja Ke Rakhna,1998.0,11,tt0207415,Romance
908,Movie,Prem Aggan,1998.0,10,tt0210920,Romance
909,Movie,Bun siu hai,1999.0,12,tt0241222,Romance
910,Short,Dolphins,2000.0,4,tt0240457,Romance
911,Movie,Shôjo kakumei Utena: Adolescence mokushiroku,1999.0,8,tt0243558,Romance
912,TV Movie,Liebe versetzt Berge,1999.0,12,tt0244037,Romance
913,Short,Deadtime,1999.0,10,tt0245860,Romance
914,Movie,Sirf Tum,1999.0,6,tt0244794,Romance
915,Movie,Inteha,1999.0,2,tt0246701,Romance
916,TV Movie,Papa's Angels,2000.0,12,tt0263836,Romance
917,Movie,Jis Desh Mein Ganga Rehta Hain,2000.0,10,tt0263491,Romance
918,Movie,Bangkok Dangerous,2002.0,1,tt0263101,Romance
919,Movie,A kis utazás,2000.0,11,tt0265017,Romance
920,Movie,Parsley Days,2000.0,9,tt0263840,Romance
921,TV Movie,One True Love,2000.0,10,tt0263817,Romance
922,Short,Boychick,2001.0,3,tt0287942,Romance
923,Short,Wonder,2001.0,10,tt0289627,Romance
924,TV Movie,Personals: College Girl Seeking...,2001.0,4,tt0288730,Romance
925,Movie,Say Nothing,2001.0,12,tt0288808,Romance
926,Movie,Wai See Lee: Lam huet yan,2002.0,3,tt0324518,Romance
927,TV Movie,Regentage,2002.0,3,tt0323788,Romance
928,Movie,Romance,2002.0,4,tt0323829,Romance
929,Movie,Akala mo...,2002.0,5,tt0324975,Romance
930,Movie,Sam & Janet,2002.0,5,tt0323874,Romance
931,Movie,Blue,2003.0,3,tt0326773,Romance
932,Movie,Ya no los hacen como antes,2003.0,5,tt0368452,Romance
933,Movie,Walang kapalit,2003.0,5,tt0368428,Romance
934,Movie,Parwana,2003.0,9,tt0366880,Romance
935,Movie,Hob el banat,2004.0,2,tt0366581,Romance
936,Movie,Pride and Prejudice,2003.0,12,tt0366920,Romance
937,Movie,Il posto dell'anima,2003.0,5,tt0366915,Romance
938,Short,This Car Up,2003.0,4,tt0367137,Romance
939,TV Movie,Wuthering Heights,2003.0,9,tt0367245,Romance
940,Movie,Okkadu,2003.0,1,tt0366840,Romance
941,Movie,Laam seung lui gwong,2004.0,2,tt0408981,Romance
942,Movie,Muskaan,2004.0,3,tt0409068,Romance
943,TV Movie,Der Traum vom Süden,2004.0,6,tt0410803,Romance
944,Movie,Shart: The Challenge,2004.0,8,tt0410591,Romance
945,Short,Running Without Sound,2004.0,6,tt0410536,Romance
946,Movie,Slutty Summer,2004.0,6,tt0411883,Romance
947,Movie,All My Life,2004.0,5,tt0411096,Romance
948,TV Short,Boy Meets Girl Stories #4: Geen antwoord,2005.0,,tt0452167,Romance
949,Movie,Dubai,2005.0,9,tt0453040,Romance
950,TV Movie,The Dive from Clausen's Pier,2005.0,7,tt0452611,Romance
951,Movie,Elsa y Fred,2005.0,7,tt0453047,Romance
952,Movie,Sachein,2005.0,4,tt0453201,Romance
953,TV Movie,Mama und der Millionär,2005.0,3,tt0453515,Romance
954,Movie,Cumbia callera,2008.0,10,tt0897249,Romance
955,Movie,Red: The Dark Side,2007.0,3,tt0896968,Romance
956,Movie,Oviedo Express,2007.0,10,tt0896957,Romance
957,Movie,14 Days in Paradise,2007.0,1,tt0898887,Romance
958,Short,Blue Butterfly,2021.0,9,tt10849812,Romance
959,Short,Deh Sukh 2,2020.0,5,tt10851198,Romance
960,Movie,Sayonara made no 30-bun,2020.0,1,tt10857048,Romance
961,Movie,Womanhood,2020.0,5,tt10859670,Romance
962,Short,"Sunny, Pomona",2021.0,3,tt10869180,Romance
963,Movie,In a Sentimental Mood,2021.0,2,tt12714422,Romance
964,Movie,Infame,9999.0,,tt15070914,Romance
965,Movie,Askin Gönül Yazisi,2022.0,7,tt15072672,Romance
966,Movie,Un novio para mi mujer,2022.0,7,tt15092772,Romance
967,Short,Hatya,2022.0,11,tt15094830,Romance
968,Movie,Osman Sekiz,2022.0,4,tt15114166,Romance
969,Movie,82 Bunsho,1995.0,12,tt28331529,Thriller
970,Movie,Mi mi da zhui sha,1995.0,,tt28660615,Thriller
971,TV Movie,Pigilin natin ang dilim,1995.0,,tt28857336,Thriller
972,Short,Eight Ball,1999.0,5,tt5960506,Thriller
973,Short,8 Ball,1999.0,10,tt5964886,Thriller
974,Movie,Wait a Minute,1999.0,3,tt6257646,Thriller
975,TV Movie,Jahan Pyaar Mile,1999.0,1,tt6380828,Thriller
976,TV Movie,Assassini per caso,1999.0,6,tt8659854,Thriller
977,Movie,Kureyon Shinchan: Arashi o Yobu Janguru!,2000.0,4,tt2180441,Thriller
978,Movie,All in Theory,2000.0,12,tt2302515,Thriller
979,Movie,Primavera di granito,2000.0,,tt2473052,Thriller
980,Short,Mensagem,2001.0,8,tt2523120,Thriller
981,Movie,Mere Aagosh Mein,2000.0,1,tt2663796,Thriller
982,Movie,The Naked Truth,2000.0,1,tt2663784,Thriller
983,Movie,Ek Nari Do Roop,2000.0,1,tt2663852,Thriller
984,Movie,Uff Yeh Nasha,2000.0,1,tt2722872,Thriller
985,Movie,Empty Mirror,2000.0,7,tt2727252,Thriller
986,Movie,Sparsha,2000.0,6,tt2917334,Thriller
987,TV Movie,Dr. Munshir Diary,2000.0,,tt2929826,Thriller
988,Short,Dear Father,2001.0,1,tt11230238,Thriller
989,Movie,X dang an Sha wu she,2001.0,,tt11502648,Thriller
990,Movie,Mutham,2002.0,12,tt10295786,Thriller
991,Movie,Meitantei Conan: Ginyoku no kijutsushi,2004.0,4,tt1133559,Thriller
992,Movie,Triple Raped,2004.0,,tt11806164,Thriller
993,Short,Wednesday Afternoon,2004.0,4,tt1183922,Thriller
994,Movie,Ab... Bas!,2004.0,11,tt1202344,Thriller
995,Short,Playing God,2004.0,,tt1223456,Thriller
996,Movie,Per giusto omicidio,2004.0,,tt1227171,Thriller
997,Short,Suicide Run,2005.0,6,tt1033633,Thriller
998,TV Movie,Ömer Seyfettin: Perili kösk,2005.0,,tt10345862,Thriller
999,Short,Lisa,2005.0,11,tt1038040,Thriller
1000,Movie,13 segundos,2005.0,6,tt1043716,Thriller
1001,Short,Backhand,2005.0,10,tt1055268,Thriller
1002,Short,The Silver Rope,2006.0,11,tt0929793,Thriller
1003,TV Movie,Her Sister's Keeper,2008.0,8,tt0930063,Thriller
1004,Short,Room 36,2007.0,8,tt1149402,Thriller
1005,TV Movie,Second Sight,2008.0,6,tt1151400,Thriller
1006,Movie,3 Days of Darkness,2007.0,12,tt1151836,Thriller
1007,Short,Paper Girl,2007.0,,tt1152279,Thriller
1008,Short,Le rédempteur,2007.0,11,tt1153045,Thriller
1009,Short,Sebastian & Alan,2007.0,10,tt1153048,Thriller
1010,Short,Oftalmós,2007.0,10,tt1155067,Thriller
1011,Movie,Loop,2007.0,10,tt1155062,Thriller
1012,Movie,Gekijô ban Kara no kyôkai: Dai isshô - Fukan fûkei,2007.0,12,tt1155650,Thriller
1013,Short,The Interrogation,2007.0,11,tt11561638,Thriller
1014,Movie,Green Eyed Monster,2007.0,9,tt1156311,Thriller
1015,Movie,Divar,2008.0,7,tt1313108,Thriller
1016,Movie,25Gs,2008.0,3,tt1313225,Thriller
1017,Movie,Nocturnos,2008.0,8,tt1313251,Thriller
1018,Movie,Rabid Rage,2009.0,11,tt1313879,Thriller
1019,Short,Class Savage,2008.0,11,tt1314172,Thriller
1020,Movie,Ru-Ba-Ru,2008.0,9,tt1314367,Thriller
1021,TV Movie,Troglodyte,2008.0,6,tt1314248,Thriller
1022,Short,Hush,2008.0,9,tt1315045,Thriller
1023,Short,Interpretation,2008.0,11,tt1315047,Thriller
1024,Short,Frozen Seed,2008.0,4,tt1315042,Thriller
1025,Short,El ataque de los robots de nebulosa-5,2008.0,10,tt1315346,Thriller
1026,Movie,Muñeco viviente V,2008.0,11,tt1315393,Thriller
1027,Movie,Christian Blake,2008.0,5,tt1316041,Thriller
1028,Short,Quarto 38,2008.0,9,tt1315894,Thriller
1029,Movie,Trickery Mimicry,2009.0,7,tt1316083,Thriller
1030,Movie,Good People,2008.0,11,tt1316053,Thriller
1031,Short,Tuesday,2009.0,4,tt1453448,Thriller
1032,Short,Blacke Revenant,2009.0,5,tt1453955,Thriller
1033,Short,Dark Heart,2009.0,3,tt1453978,Thriller
1034,Short,Apparition,2009.0,1,tt1453949,Thriller
1035,Movie,Ek: The Power of One,2009.0,3,tt1454461,Thriller
1036,Movie,The Lower Circle,2009.0,5,tt1454723,Thriller
1037,Short,Fueled,2009.0,2,tt1454986,Thriller
1038,Short,Intruder,2009.0,5,tt1455082,Thriller
1039,Short,Faux Finish,2009.0,8,tt1454925,Thriller
1040,Movie,Go Quietly,2009.0,10,tt1455012,Thriller
1041,Short,Lateral Us,2009.0,,tt1455166,Thriller
1042,Short,Hector Corp.,2009.0,6,tt1455635,Thriller
1043,Movie,Among Thieves,2009.0,4,tt1456085,Thriller
1044,Short,The Cold Day in Hell,2010.0,3,tt1646230,Thriller
1045,Short,6079_Zn,2010.0,5,tt1646091,Thriller
1046,Movie,Periferic,2010.0,8,tt1646221,Thriller
1047,Movie,La casa muda,2011.0,3,tt1646973,Thriller
1048,Short,Vulture,2011.0,5,tt1646176,Thriller
1049,Short,The Raven,2010.0,4,tt1646231,Thriller
1050,Short,The Bird Curse,2010.0,4,tt1646943,Thriller
1051,Movie,Wasted on the Young,2011.0,3,tt1647483,Thriller
1052,Short,In,2011.0,1,tt1869486,Thriller
1053,Movie,Bbuddah... Hoga Terra Baap,2011.0,7,tt1869296,Thriller
1054,Movie,Black Pond,2011.0,11,tt1869309,Thriller
1055,Short,Eye of the Storm,2011.0,3,tt1871270,Thriller
1056,Short,One Shot,2011.0,,tt1869606,Thriller
1057,Short,Fatale,2011.0,3,tt1870393,Thriller
1058,Short,Maniac,2011.0,10,tt1869551,Thriller
1059,Movie,30 días antes,2012.0,6,tt1871997,Thriller
1060,Short,"ENEMY: In the Deep, Dark Corners",2011.0,1,tt1871261,Thriller
1061,Movie,Revived,2011.0,3,tt1872152,Thriller
1062,Movie,Remains,2013.0,9,tt1870527,Thriller
1063,Movie,Ibn el-Qunsul,2011.0,3,tt1872084,Thriller
1064,Short,Turn,2011.0,3,tt1872879,Thriller
1065,Short,Famous,2011.0,3,tt1873556,Thriller
1066,Short,Instant Message,2011.0,3,tt1872814,Thriller
1067,Short,Heaven Sent,2012.0,6,tt2202366,Thriller
1068,Short,When the Clock Strikes Midnight,2012.0,4,tt2201926,Thriller
1069,TV Movie,Christmas Twister,2012.0,12,tt2202798,Thriller
1070,Short,Distants,2012.0,8,tt2201810,Thriller
1071,Movie,Stalker,2012.0,4,tt2202579,Thriller
1072,Short,Code 72,2012.0,8,tt2203765,Thriller
1073,Movie,¡Atraco!,2012.0,8,tt2203951,Thriller
1074,Short,Hiccup,2012.0,7,tt2204108,Thriller
1075,Short,Emily,2012.0,5,tt2204924,Thriller
1076,Short,Beneath the Ink,2012.0,2,tt2202389,Thriller
1077,Short,Offeret,2012.0,2,tt2203859,Thriller
1078,Short,Shallow,2012.0,12,tt2203808,Thriller
1079,Short,Some of Angela,2012.0,7,tt2203842,Thriller
1080,Movie,Kobieta Plus Drzewo,2012.0,2,tt2204283,Thriller
1081,Short,Sins,2013.0,6,tt2693018,Thriller
1082,Short,Follow,2013.0,3,tt2697770,Thriller
1083,Short,Wishful Thinking,2013.0,2,tt2698106,Thriller
1084,Movie,Final Offense,2013.0,4,tt2698206,Thriller
1085,Movie,John Day,2013.0,9,tt2699840,Thriller
1086,Short,The Necklace,2013.0,9,tt2699762,Thriller
1087,Short,Rough Waters,2013.0,3,tt2700772,Thriller
1088,Short,Back Up,2015.0,3,tt2700558,Thriller
1089,Short,OperHator,2013.0,2,tt2701088,Thriller
1090,Movie,A Shameless Revenge,2013.0,2,tt2700466,Thriller
1091,Short,Broken Knuckles,2013.0,8,tt2705192,Thriller
1092,Movie,2013: Holocaust,2013.0,5,tt2697322,Thriller
1093,Movie,Jinrui shikin,2013.0,10,tt2700114,Thriller
1094,Short,Devil's Corner,2014.0,5,tt3361808,Thriller
1095,TV Movie,Tin Man,2014.0,,tt3361794,Thriller
1096,Short,Joy Burn,2014.0,5,tt3361182,Thriller
1097,Movie,Necrofobia,2013.0,11,tt3360828,Thriller
1098,TV Movie,Client Seduction,2014.0,9,tt3364316,Thriller
1099,TV Movie,Sorority Surrogate,2014.0,3,tt3366000,Thriller
1100,Movie,5,2016.0,1,tt3370900,Thriller
1101,Short,Nona,2014.0,11,tt3369826,Thriller
1102,TV Movie,Killing Daddy,2014.0,7,tt3368814,Thriller
1103,Movie,The Truth,2014.0,5,tt3371582,Thriller
1104,Movie,Purgatorio,2014.0,4,tt3374866,Thriller
1105,Short,Where Is Alice?,2014.0,4,tt3373912,Thriller
1106,Short,The Dark,2014.0,8,tt3376648,Thriller
1107,Movie,Ithu Charuvoda Dating,2014.0,1,tt3376252,Thriller
1108,Short,Compass Rose,2014.0,4,tt3379232,Thriller
1109,Short,Gone in the Dark,2014.0,3,tt3377796,Thriller
1110,Short,Tangled Wire,2014.0,1,tt3378362,Thriller
1111,Movie,Venial,2014.0,4,tt3377886,Thriller
1112,Short,Norman Hyde,2014.0,10,tt3381468,Thriller
1113,Short,Water,2014.0,,tt3381570,Thriller
1114,Movie,Curse of Mesopotamia,2015.0,11,tt3883976,Thriller
1115,Short,Xanadu,2015.0,12,tt3883454,Thriller
1116,Short,A Boy Named Bellamy,2015.0,7,tt3888418,Thriller
1117,Movie,Kadavul Paathi Mirugam Paathi,2015.0,3,tt3885704,Thriller
1118,Movie,Night Fare,2016.0,1,tt3889166,Thriller
1119,Movie,Tiger Lily,2017.0,12,tt3889100,Thriller
1120,Movie,Franklin: A Symphony of Pain,2015.0,1,tt3884666,Thriller
1121,Short,Mae Day,2015.0,3,tt3889644,Thriller
1122,Short,Lights Out,2015.0,5,tt3891580,Thriller
1123,Short,Revolve,2015.0,5,tt3891920,Thriller
1124,Movie,Mile End,2017.0,4,tt3893826,Thriller
1125,Movie,Ellos Volvieron,2015.0,1,tt3894340,Thriller
1126,Short,Depth of a Dark Side,2015.0,2,tt3898080,Thriller
1127,Movie,Gone Tomorrow,2017.0,,tt3899070,Thriller
1128,Movie,Savageland,2020.0,5,tt3899154,Thriller
1129,Movie,Madison Lane,2015.0,6,tt3898244,Thriller
1130,Short,Sons of the Wicked,2015.0,,tt3899380,Thriller
1131,Movie,Last Pickup,2016.0,11,tt3895838,Thriller
1132,Short,Madam Trigger,2015.0,2,tt3893926,Thriller
1133,TV Movie,Sharknado 3: Oh Hell No!,2015.0,7,tt3899796,Thriller
1134,Short,Bird Watching,2015.0,4,tt3901012,Thriller
1135,TV Movie,Her Infidelity,2015.0,9,tt3905756,Thriller
1136,Short,Loss,2015.0,1,tt3901818,Thriller
1137,Short,For Jean-Pierre Melville,2015.0,11,tt3901162,Thriller
1138,Movie,Sendero,2015.0,10,tt3901962,Thriller
1139,Movie,Saving Dreams,2016.0,9,tt4813906,Thriller
1140,Movie,Inside Scarlett,2016.0,4,tt4809254,Thriller
1141,Movie,Apocalypse Road,2017.0,12,tt4815204,Thriller
1142,Movie,Here Alone,2017.0,5,tt4814760,Thriller
1143,Movie,Te3n,2016.0,6,tt4814290,Thriller
1144,Short,Ectoplasm,2016.0,6,tt4817500,Thriller
1145,Short,A Beautiful Mess,2016.0,6,tt4818474,Thriller
1146,Movie,Lens,2017.0,5,tt4818776,Thriller
1147,Movie,Good Tidings,2016.0,12,tt4823524,Thriller
1148,Movie,Zhen xiang jin qu,2016.0,1,tt4828680,Thriller
1149,Short,Break in at Sam Palmer's House,2016.0,1,tt4832364,Thriller
1150,Movie,Scattered,2016.0,4,tt4827246,Thriller
1151,Short,Dean's Well,2016.0,,tt4829642,Thriller
1152,Movie,Inches from the Ground,2016.0,3,tt4828600,Thriller
1153,Short,Promotion,2016.0,1,tt4829108,Thriller
1154,TV Movie,Sharknado 4: The 4th Awakens,2017.0,1,tt4831420,Thriller
1155,Movie,The Loner,2016.0,4,tt4831810,Thriller
1156,Short,Blank Face,2016.0,3,tt4835102,Thriller
1157,Short,Soldier Bee,2016.0,10,tt4835318,Thriller
1158,Movie,Purasangre,2016.0,1,tt4835926,Thriller
1159,Short,Four Walls,2016.0,1,tt4835804,Thriller
1160,Movie,No Good Heroes,2018.0,7,tt4839414,Thriller
1161,Short,Lioness,2016.0,6,tt4840298,Thriller
1162,Movie,"Flickan, mamman och demonerna",2016.0,4,tt4841464,Thriller
1163,Short,Taste,2016.0,2,tt4839430,Thriller
1164,Movie,MiddleMan,2018.0,6,tt4835894,Thriller
1165,Short,Only She Knows,2016.0,1,tt4836052,Thriller
1166,Short,Night Shifts,2016.0,2,tt4836384,Thriller
1167,Short,Jake,2016.0,6,tt4836794,Thriller
1168,Movie,Enemy Within,2016.0,9,tt4837396,Thriller
1169,Short,Yassine Movie,2016.0,3,tt4837290,Thriller
1170,Short,Emily and the Lightning,2016.0,4,tt4839432,Thriller
1171,Movie,An Idle Mind Is the Devil's Playground,2016.0,4,tt4843318,Thriller
1172,Short,Blood is a prisoner,2016.0,2,tt4845720,Thriller
1173,Short,My Father Has a Choice,2017.0,,tt4844176,Thriller
1174,Movie,Jasper Jones,2017.0,3,tt5091014,Thriller
1175,Movie,M.F.A.,2017.0,10,tt5091530,Thriller
1176,Movie,O lyubvi,2017.0,3,tt5091108,Thriller
1177,Movie,Watch the Sunset,2019.0,8,tt5094040,Thriller
1178,Movie,Echoes of the Passed,2017.0,,tt5095194,Thriller
1179,Short,Cold Brass,2017.0,4,tt5094914,Thriller
1180,Movie,Kyrsyä - Tuftland,2018.0,4,tt5104330,Thriller
1181,Movie,Ghost Note,2017.0,8,tt5109302,Thriller
1182,Movie,One Under the Sun,2017.0,3,tt5110386,Thriller
1183,Movie,Super Dark Times,2017.0,9,tt5112578,Thriller
1184,Movie,Noctem,2017.0,5,tt5111550,Thriller
1185,Short,Cassette,2017.0,5,tt5112462,Thriller
1186,Movie,The Keeping Hours,2018.0,7,tt5114154,Thriller
1187,Movie,Veras Mantel,2017.0,2,tt5113868,Thriller
1188,Movie,Adam,2017.0,,tt5118062,Thriller
1189,Movie,Perfect sãnãtos,2017.0,9,tt5120010,Thriller
1190,Movie,Alien Shadows,2017.0,12,tt5118616,Thriller
1191,Movie,Pyewacket,2018.0,3,tt5119116,Thriller
1192,Movie,True to the Game,2017.0,9,tt5116504,Thriller
1193,Movie,El bar,2017.0,3,tt5121816,Thriller
1194,Movie,Vo veki vechnye,2017.0,3,tt5125582,Thriller
1195,Movie,A Good Dream,2017.0,7,tt5126730,Thriller
1196,Short,Stand Up,2017.0,3,tt5125668,Thriller
1197,Movie,O Animal Cordial,2018.0,8,tt5126274,Thriller
1198,Short,Awakening,2017.0,4,tt5127812,Thriller
1199,Short,A Simple Job,2017.0,11,tt5127918,Thriller
1200,Short,Hitchhiker,2017.0,9,tt5136540,Thriller
1201,Movie,Skinford,2017.0,3,tt5136686,Thriller
1202,Movie,Xenophilia,2017.0,12,tt5139394,Thriller
1203,Short,The Good Machine,2017.0,5,tt5140226,Thriller
1204,Movie,Annabelle: Creation,2017.0,8,tt5140878,Thriller
1205,Short,Triangle,2017.0,9,tt5141620,Thriller
1206,Short,The Dissection of Jack & Jill,2017.0,8,tt5142086,Thriller
1207,Short,Seth,2016.0,12,tt5143110,Thriller
1208,Movie,12 Feet Deep,2017.0,6,tt5143226,Thriller
1209,Short,Smoke,2017.0,10,tt5143926,Thriller
1210,Short,Lost in Tokyo,2017.0,7,tt5150426,Thriller
1211,Short,Reverend,2017.0,5,tt5147510,Thriller
1212,Movie,Illicit,2017.0,5,tt5152606,Thriller
1213,Movie,The Discovery,2017.0,3,tt5155780,Thriller
1214,Movie,Escape Room,2017.0,11,tt5159414,Thriller
1215,Movie,Nibunan,2017.0,7,tt5159408,Thriller
1216,Movie,Nightworld,2017.0,10,tt5157052,Thriller
1217,Movie,The Scenic Route,2018.0,9,tt13242792,Thriller
1218,Short,Dogface,2018.0,,tt13256150,Thriller
1219,Short,Paradise,2018.0,12,tt13273558,Thriller
1220,Short,Nightswims,2018.0,7,tt13279128,Thriller
1221,Short,Iniquitous Interrogation,2018.0,8,tt13316130,Thriller
1222,Short,Interior,2018.0,6,tt13323766,Thriller
1223,Short,Sweet Like Poison,2018.0,6,tt13331612,Thriller
1224,Short,Valentine Day Ka Side Effect,2018.0,2,tt13346998,Thriller
1225,Short,Reflection,2018.0,8,tt13363622,Thriller
1226,Short,Obscurity,2018.0,3,tt13369410,Thriller
1227,Short,L'oscura presenza - Prologo,2018.0,6,tt13374328,Thriller
1228,Short,Run for Your Life,2018.0,7,tt13380636,Thriller
1229,Movie,Werewolf Game: Prison Break,2018.0,5,tt13445838,Thriller
1230,Short,Wost Prom Ever,2018.0,5,tt13476294,Thriller
1231,Short,The Man in the Bowler Hat,2018.0,2,tt13483994,Thriller
1232,Movie,Kesikbas,2018.0,12,tt13485508,Thriller
1233,Movie,Vefk: Ölüm çagirdi,2018.0,11,tt13486272,Thriller
1234,Short,Celebr8,2018.0,10,tt13490714,Thriller
1235,Short,Woke,2018.0,12,tt13490422,Thriller
1236,Short,The Parable of Allison,2019.0,,tt10488438,Thriller
1237,Short,Entanglement,2019.0,6,tt10492754,Thriller
1238,Movie,"The Woe Land Saga, Chapter 1: ingrID",2019.0,8,tt10492778,Thriller
1239,Short,I Love You,2019.0,6,tt10494498,Thriller
1240,Short,Dream_Girl,2019.0,6,tt10495404,Thriller
1241,Movie,Casablanca,2019.0,6,tt10497826,Thriller
1242,Short,The Devil She Knows,2019.0,4,tt10498850,Thriller
1243,Movie,Annabellum: The Curse of Salem,2019.0,8,tt10498810,Thriller
1244,Movie,Hamlet Pheroun,2019.0,7,tt10497516,Thriller
1245,Movie,Caliche Run,2019.0,9,tt10499108,Thriller
1246,Short,The Amazing World of Emma,2019.0,8,tt10498478,Thriller
1247,Short,Alternate,2019.0,6,tt10499936,Thriller
1248,Movie,Midnight Ruins,2019.0,4,tt10497914,Thriller
1249,Short,Guilt,2019.0,9,tt10499300,Thriller
1250,Short,The Factory at Echo Lake,2019.0,4,tt10503012,Thriller
1251,Short,Morally Relativistic,2020.0,2,tt11750326,Thriller
1252,Movie,Voces,2020.0,11,tt11750282,Thriller
1253,Movie,Tarung Sarung,2020.0,12,tt11749980,Thriller
1254,Short,Die Waschmaschine,2020.0,3,tt11747978,Thriller
1255,Movie,The Mountain Kings,2020.0,7,tt11750260,Thriller
1256,Short,The Rift - Candidate 23,2020.0,2,tt11749482,Thriller
1257,Short,Tick Tick Tick,2020.0,2,tt11752970,Thriller
1258,Short,The Instrument,2020.0,,tt11756502,Thriller
1259,Short,Friend,2020.0,10,tt11755386,Thriller
1260,Short,Unleash the Rage,2020.0,2,tt11757782,Thriller
1261,Short,Freeze Your Brain,2020.0,3,tt11758948,Thriller
1262,Short,Hannah & the Friend Zone,2020.0,2,tt11759580,Thriller
1263,Short,Dispute - II A film by mirzamlk,2020.0,2,tt11761284,Thriller
1264,Short,Half the Man,2020.0,,tt11759182,Thriller
1265,Short,Sam,2020.0,,tt11761282,Thriller
1266,Short,Harassed,2020.0,1,tt11761850,Thriller
1267,Short,f/0,2020.0,1,tt11760210,Thriller
1268,Movie,BIR,2020.0,2,tt11760270,Thriller
1269,Movie,White Noise,2021.0,12,tt13786562,Thriller
1270,Movie,Yug the law of karma,2021.0,1,tt13788046,Thriller
1271,Short,Season of the Worm,2021.0,6,tt13786492,Thriller
1272,Movie,Outlier,2021.0,11,tt13793884,Thriller
1273,Short,Rare,2021.0,2,tt13793000,Thriller
1274,Movie,The 2nd Wave,2021.0,2,tt13793428,Thriller
1275,Movie,The Last Two Days,2021.0,5,tt13796242,Thriller
1276,Movie,Bumper Policy,2022.0,2,tt16912492,Thriller
1277,Short,Regalo,2022.0,4,tt16951398,Thriller
1278,Movie,Non-Disclosure,2022.0,2,tt16954632,Thriller
1279,Short,The Replacements,2022.0,1,tt16960952,Thriller
1280,Movie,Gangs of 18,2022.0,,tt16965118,Thriller
1281,Movie,Daddy's Little Nightmare,2022.0,1,tt16967964,Thriller
1282,Short,Night at the Neptune,2022.0,,tt16968426,Thriller
1283,Short,Lesion,2022.0,12,tt16968876,Thriller
1284,Movie,Noche Americana,2022.0,2,tt16969742,Thriller
1285,Movie,Kinjirareta asobi,2023.0,10,tt26758292,Thriller
1286,Movie,Detektor,2023.0,3,tt26761217,Thriller
1287,Movie,Kukolnik,2023.0,3,tt26761313,Thriller
1288,Movie,Watching Amber,2023.0,10,tt26761732,Thriller
1289,Movie,Streaming,2023.0,,tt26762096,Thriller
1290,Short,Biet,2023.0,2,tt26762535,Thriller
1291,Short,Graveyard of Dreams,2023.0,2,tt26762793,Thriller
1292,Movie,Ako si Ninoy,2023.0,2,tt26762997,Thriller
1293,Short,Perdue de vue,1995.0,,tt7042224,Mystery
1294,TV Movie,Sheyal Debota Rahasya,1996.0,,tt6814204,Mystery
1295,Short,Southwest,1999.0,,tt6869360,Mystery
1296,Short,The Victim,2000.0,7,tt7428098,Mystery
1297,Short,"Marie-Madeleine,",2002.0,,tt5555410,Mystery
1298,Movie,Addi Tappaa,2005.0,,tt10100872,Mystery
1299,Movie,Andalus,2005.0,12,tt10137406,Mystery
1300,Movie,One piece: Omatsuri danshaku to himitsu no shima,2005.0,3,tt1018764,Mystery
1301,Short,Kristallportale,2006.0,10,tt0926094,Mystery
1302,Movie,Lion,2006.0,1,tt0928191,Mystery
1303,Short,Seul,2006.0,10,tt0929280,Mystery
1304,TV Movie,Number 13,2006.0,12,tt0934533,Mystery
1305,Movie,Liu hao chu kou,2007.0,5,tt0934427,Mystery
1306,Short,The Sled,2007.0,9,tt1119212,Mystery
1307,Short,Reflections,2007.0,10,tt1119664,Mystery
1308,Short,Voces,2007.0,10,tt1121108,Mystery
1309,Short,Kirksdale,2007.0,8,tt1121949,Mystery
1310,Short,The Truth About Faces,2007.0,10,tt1121974,Mystery
1311,Movie,Panama,2008.0,5,tt1338653,Mystery
1312,Movie,Aswang: A Journey Into Myth,2008.0,2,tt1339050,Mystery
1313,Short,Cowboy,2008.0,,tt1339071,Mystery
1314,Movie,7,2008.0,9,tt1339040,Mystery
1315,Movie,The Ceremony,2008.0,12,tt1339063,Mystery
1316,Movie,Sessions of the Mind,2008.0,9,tt1339166,Mystery
1317,Movie,Sunshine Away,2008.0,12,tt1339178,Mystery
1318,Short,A Brush with Murder,2008.0,10,tt1339532,Mystery
1319,Short,Pantomima,2008.0,6,tt1339672,Mystery
1320,Short,Where's Dookie Cannata?,2008.0,11,tt1340139,Mystery
1321,Short,A Noble Way,2008.0,8,tt1340600,Mystery
1322,Short,The Mystery of the Missing Matron,2008.0,10,tt1340599,Mystery
1323,Movie,Cellule 66,2008.0,11,tt1340560,Mystery
1324,Movie,The Chauffeur,2008.0,1,tt1340561,Mystery
1325,Short,Veracity: We All Shine On,2009.0,5,tt1480698,Mystery
1326,Movie,Accused at 17,2010.0,5,tt1480649,Mystery
1327,Short,Awaken,2009.0,7,tt1482383,Mystery
1328,Short,Encrucijada,2009.0,9,tt1482446,Mystery
1329,Movie,Kamisama herupu!,2010.0,8,tt1653881,Mystery
1330,Movie,Be-seu-teu-sel-leo,2010.0,4,tt1655617,Mystery
1331,Movie,Gôsuto,2010.0,11,tt1655400,Mystery
1332,TV Movie,Exposed,2011.0,3,tt1878932,Mystery
1333,Short,The Key to Annabel Lee,2011.0,4,tt1879072,Mystery
1334,Movie,I Have Loved,2011.0,9,tt1880230,Mystery
1335,Short,Save the Planet,2011.0,8,tt1880319,Mystery
1336,Movie,Hij,2011.0,6,tt1880220,Mystery
1337,Short,World's End,2012.0,12,tt2267848,Mystery
1338,Short,Ceaseless,2012.0,2,tt2268399,Mystery
1339,Short,You're Not Safe Here,2012.0,7,tt2269920,Mystery
1340,Short,Der letzte Regen,2012.0,8,tt2271289,Mystery
1341,Short,Palla al matt',2012.0,6,tt2270486,Mystery
1342,TV Movie,Nigaoe sôsakan 001 gô,2012.0,3,tt2271503,Mystery
1343,Short,The Telling,2013.0,6,tt2795608,Mystery
1344,Short,Specimen 0625c,2013.0,3,tt2797346,Mystery
1345,Short,Powrót,2013.0,6,tt2797786,Mystery
1346,Movie,Spirit Cabinet,2013.0,10,tt2800302,Mystery
1347,Short,Silent Spectrum,2013.0,9,tt2800486,Mystery
1348,Short,Return of the Body Snatchers,2013.0,4,tt2803236,Mystery
1349,Movie,The Lost Mantle of Elijah,2013.0,5,tt2805316,Mystery
1350,Short,Tierra escarlata,2013.0,2,tt2805550,Mystery
1351,Short,White Rabbit,2014.0,1,tt3521682,Mystery
1352,Short,Bad-Guy,2014.0,6,tt3521758,Mystery
1353,TV Movie,The Good Sister,2014.0,,tt3521746,Mystery
1354,Movie,The Ark of the Witch,2014.0,1,tt3522700,Mystery
1355,Short,Toybox,2014.0,10,tt3522414,Mystery
1356,Short,M is for Mobile,2014.0,10,tt3522368,Mystery
1357,Short,Cárcere Privado,2014.0,1,tt3525858,Mystery
1358,TV Movie,Status: Unknown,2014.0,2,tt3525764,Mystery
1359,Movie,A Rainy Day,2014.0,1,tt3527068,Mystery
1360,Short,Anti Cupido,2014.0,6,tt3524542,Mystery
1361,Movie,After the Third Bell,2014.0,4,tt3526430,Mystery
1362,Short,Tokyo Flow,2014.0,3,tt3527516,Mystery
1363,TV Movie,Lost Boy,2016.0,5,tt4355236,Mystery
1364,Short,Out of the Box,2015.0,,tt4355416,Mystery
1365,Movie,Pinku to gurê,2016.0,1,tt4360406,Mystery
1366,Short,Jacquerie,2015.0,5,tt4360490,Mystery
1367,Short,High Phantom Playback,2018.0,6,tt4360272,Mystery
1368,Short,Anomie,2015.0,10,tt4361078,Mystery
1369,Movie,Crumbs,2015.0,11,tt4362764,Mystery
1370,Short,The Mine,2015.0,5,tt4363260,Mystery
1371,TV Movie,Romantically Speaking,2015.0,4,tt4364862,Mystery
1372,Movie,DristiBhram,2015.0,1,tt4361472,Mystery
1373,Short,Visited,2015.0,1,tt4365184,Mystery
1374,Short,Velkommen til Paradis,2015.0,3,tt4365576,Mystery
1375,Movie,Die: Lianhua,2015.0,1,tt4365336,Mystery
1376,Movie,Death at the Christmas Tree Party,2016.0,12,tt5175332,Mystery
1377,Short,The Missing Knife,2016.0,,tt5177386,Mystery
1378,Movie,The Dead End,2016.0,11,tt5175604,Mystery
1379,Movie,Buster's Mal Heart,2017.0,5,tt5173032,Mystery
1380,Short,The Serene Heartache,2016.0,1,tt5177846,Mystery
1381,Short,Gridlock,2016.0,7,tt5180990,Mystery
1382,Short,Moretta,2016.0,2,tt5182126,Mystery
1383,Short,Sparte,2016.0,5,tt5183186,Mystery
1384,Movie,La verità sta in cielo,2016.0,10,tt5186860,Mystery
1385,Movie,Within Circles,2016.0,6,tt5187346,Mystery
1386,Movie,Aibô: Gekijô-ban IV,2017.0,2,tt5738264,Mystery
1387,Movie,The Moose Head Over the Mantel,2017.0,,tt5740994,Mystery
1388,Short,Flock,2017.0,3,tt5744330,Mystery
1389,Movie,Maze,2017.0,9,tt5752606,Mystery
1390,Short,Prophecy Eleven,2017.0,1,tt5751150,Mystery
1391,Movie,Small Town Crime,2018.0,1,tt5751998,Mystery
1392,Short,Light Drifter,2017.0,3,tt5755298,Mystery
1393,Movie,The Landing,2018.0,8,tt5754992,Mystery
1394,Short,Unbound,2017.0,,tt5767338,Mystery
1395,Movie,Kill 'Em All,2017.0,6,tt5767628,Mystery
1396,Short,Bandwidth,2017.0,6,tt5763122,Mystery
1397,Short,Shadow of Doubt,2017.0,8,tt5765148,Mystery
1398,Short,Hindsight,2017.0,7,tt5764848,Mystery
1399,Short,La Perla,2017.0,3,tt5773172,Mystery
1400,Short,The Veiled,2017.0,6,tt5779140,Mystery
1401,Movie,Disobeying the Laws of Sky Tyrants,2017.0,1,tt5777392,Mystery
1402,Movie,Resident Evil: Vendetta,2017.0,5,tt5776208,Mystery
1403,Movie,Making a Killing,2020.0,6,tt6116568,Mystery
1404,Short,He Didn't Even Leave a Note,2018.0,7,tt6125742,Mystery
1405,Short,Nasty,2018.0,11,tt6131682,Mystery
1406,Movie,Raakshas,2018.0,2,tt6133484,Mystery
1407,Short,On the Other Side,2018.0,,tt6132066,Mystery
1408,Movie,The Black String,2021.0,1,tt6141334,Mystery
1409,Movie,Distorted,2018.0,5,tt6143850,Mystery
1410,Movie,Open Wound: The Über-Movie,2018.0,4,tt6144410,Mystery
1411,Movie,Between the Trees,2019.0,3,tt6151048,Mystery
1412,Movie,Astro,2018.0,6,tt6156656,Mystery
1413,Movie,I Think We're Alone Now,2018.0,9,tt6169694,Mystery
1414,Movie,Unconditional,2018.0,6,tt6173418,Mystery
1415,Movie,Something,2019.0,3,tt6185266,Mystery
1416,Movie,La femme la plus assassinée du monde,2018.0,9,tt6186696,Mystery
1417,Movie,Ghostland,2018.0,5,tt6195094,Mystery
1418,Movie,Blindsided,2018.0,1,tt6205658,Mystery
1419,Movie,A Vigilante,2019.0,3,tt6211976,Mystery
1420,Movie,Apostle,2018.0,10,tt6217306,Mystery
1421,Movie,Perfect,2019.0,5,tt6222286,Mystery
1422,Movie,Pledge,2019.0,4,tt6220752,Mystery
1423,Movie,Boarding School,2018.0,8,tt6224502,Mystery
1424,Movie,Lampor: Keranda Terbang,2019.0,10,tt10698426,Mystery
1425,Short,Daddy,2019.0,2,tt10699198,Mystery
1426,Short,Exile,2019.0,7,tt10702346,Mystery
1427,Short,A la bibliothèque,2019.0,5,tt10707200,Mystery
1428,Movie,Afflatus,2019.0,7,tt10706724,Mystery
1429,Movie,Game Over,2019.0,7,tt10709060,Mystery
1430,Movie,Anonymous Vol. 1 - The Dreamland Adventures the Mysteries of Atlantis,2020.0,2,tt12059646,Mystery
1431,Short,Join Us,2020.0,3,tt12061308,Mystery
1432,Movie,Cecily and Lydia at the Waypoint,2020.0,12,tt12064142,Mystery
1433,Short,Doris,2020.0,5,tt12070504,Mystery
1434,Short,COVID-19 ; E.I.N.S.: E.scape I.nto N.ature S.pace,2020.0,3,tt12076472,Mystery
1435,Short,Shadowed,2020.0,4,tt12076272,Mystery
1436,Short,Den Japanska Illusionen,2021.0,,tt14130708,Mystery
1437,Short,Telestesia,2021.0,10,tt14143006,Mystery
1438,Short,I Said,2021.0,2,tt14142872,Mystery
1439,Movie,Bannerghatta,2021.0,7,tt14142640,Mystery
1440,Short,The Quiet Light of the Midnight Cold,2022.0,3,tt18569630,Mystery
1441,Short,Desvío,2022.0,3,tt18570540,Mystery
1442,Short,F,2022.0,5,tt18573810,Mystery
1443,Short,The Turn Ahead,2022.0,1,tt18673794,Mystery
1444,Movie,Maksym Osa,2022.0,10,tt18688348,Mystery
1445,Short,Sight,2023.0,1,tt27215062,Mystery
1446,Short,Agents of Change: Project Polymer,2023.0,3,tt27235287,Mystery
1447,Movie,Khitrovka. The Sign of Four,2023.0,5,tt27241513,Mystery
1448,Short,Sight,2023.0,1,tt27236215,Mystery
1449,TV Movie,Der Wien-Krimi: Blind ermittelt - Tod an der Donau,2023.0,4,tt27251096,Mystery
1450,Movie,Marne Ke Dar Se Mere Dil,2023.0,3,tt27250288,Mystery
1451,Short,Red Wine,2023.0,11,tt27250168,Mystery
1452,Movie,Magna Lacerta,2023.0,3,tt27262238,Mystery
